loan_id,Customer_ID,loan_start_date,tenure,installment_num,loan_amt,due_amt,paid_amt,overdue_amt,balance,snapshot_date,normalized_snapshot_date,bronze_ingestion_timestamp,bronze_processing_date
CUS_0x1009_2025_01_01,CUS_0x1009,1/1/2025,10,10,10000,1000,1000,0,0,1/11/2025,2025-11-01,2025-11-09 09:45:38.764744,2025-11-01
CUS_0x1098_2025_01_01,CUS_0x1098,1/1/2025,10,10,10000,1000,0,8000,8000,1/11/2025,2025-11-01,2025-11-09 09:45:38.764744,2025-11-01
CUS_0x109f_2025_01_01,CUS_0x109f,1/1/2025,10,10,10000,1000,1000,0,0,1/11/2025,2025-11-01,2025-11-09 09:45:38.764744,2025-11-01
CUS_0x10b6_2025_01_01,CUS_0x10b6,1/1/2025,10,10,10000,1000,1000,0,0,1/11/2025,2025-11-01,2025-11-09 09:45:38.764744,2025-11-01
CUS_0x10e2_2025_01_01,CUS_0x10e2,1/1/2025,10,10,10000,1000,1000,0,0,1/11/2025,2025-11-01,2025-11-09 09:45:38.764744,2025-11-01
CUS_0x114b_2025_01_01,CUS_0x114b,1/1/2025,10,10,10000,1000,1000,0,0,1/11/2025,2025-11-01,2025-11-09 09:45:38.764744,2025-11-01
CUS_0x11b7_2025_01_01,CUS_0x11b7,1/1/2025,10,10,10000,1000,1000,0,0,1/11/2025,2025-11-01,2025-11-09 09:45:38.764744,2025-11-01
CUS_0x11c1_2025_01_01,CUS_0x11c1,1/1/2025,10,10,10000,1000,1000,0,0,1/11/2025,2025-11-01,2025-11-09 09:45:38.764744,2025-11-01
CUS_0x11d9_2025_01_01,CUS_0x11d9,1/1/2025,10,10,10000,1000,1000,0,0,1/11/2025,2025-11-01,2025-11-09 09:45:38.764744,2025-11-01
CUS_0x120d_2025_01_01,CUS_0x120d,1/1/2025,10,10,10000,1000,1000,0,0,1/11/2025,2025-11-01,2025-11-09 09:45:38.764744,2025-11-01
CUS_0x1258_2025_01_01,CUS_0x1258,1/1/2025,10,10,10000,1000,1000,0,0,1/11/2025,2025-11-01,2025-11-09 09:45:38.764744,2025-11-01
CUS_0x130c_2025_01_01,CUS_0x130c,1/1/2025,10,10,10000,1000,0,7000,7000,1/11/2025,2025-11-01,2025-11-09 09:45:38.764744,2025-11-01
CUS_0x133d_2025_01_01,CUS_0x133d,1/1/2025,10,10,10000,1000,1000,0,0,1/11/2025,2025-11-01,2025-11-09 09:45:38.764744,2025-11-01
CUS_0x133f_2025_01_01,CUS_0x133f,1/1/2025,10,10,10000,1000,1000,0,0,1/11/2025,2025-11-01,2025-11-09 09:45:38.764744,2025-11-01
CUS_0x13e4_2025_01_01,CUS_0x13e4,1/1/2025,10,10,10000,1000,1000,0,0,1/11/2025,2025-11-01,2025-11-09 09:45:38.764744,2025-11-01
CUS_0x1463_2025_01_01,CUS_0x1463,1/1/2025,10,10,10000,1000,1000,0,0,1/11/2025,2025-11-01,2025-11-09 09:45:38.764744,2025-11-01
CUS_0x1499_2025_01_01,CUS_0x1499,1/1/2025,10,10,10000,1000,1000,0,0,1/11/2025,2025-11-01,2025-11-09 09:45:38.764744,2025-11-01
CUS_0x15c5_2025_01_01,CUS_0x15c5,1/1/2025,10,10,10000,1000,1000,0,0,1/11/2025,2025-11-01,2025-11-09 09:45:38.764744,2025-11-01
CUS_0x165f_2025_01_01,CUS_0x165f,1/1/2025,10,10,10000,1000,1000,0,0,1/11/2025,2025-11-01,2025-11-09 09:45:38.764744,2025-11-01
CUS_0x1697_2025_01_01,CUS_0x1697,1/1/2025,10,10,10000,1000,0,8000,8000,1/11/2025,2025-11-01,2025-11-09 09:45:38.764744,2025-11-01
CUS_0x16ae_2025_01_01,CUS_0x16ae,1/1/2025,10,10,10000,1000,1000,0,0,1/11/2025,2025-11-01,2025-11-09 09:45:38.764744,2025-11-01
CUS_0x1705_2025_01_01,CUS_0x1705,1/1/2025,10,10,10000,1000,1000,0,0,1/11/2025,2025-11-01,2025-11-09 09:45:38.764744,2025-11-01
CUS_0x1806_2025_01_01,CUS_0x1806,1/1/2025,10,10,10000,1000,1000,0,0,1/11/2025,2025-11-01,2025-11-09 09:45:38.764744,2025-11-01
CUS_0x18b5_2025_01_01,CUS_0x18b5,1/1/2025,10,10,10000,1000,0,6000,6000,1/11/2025,2025-11-01,2025-11-09 09:45:38.764744,2025-11-01
CUS_0x18be_2025_01_01,CUS_0x18be,1/1/2025,10,10,10000,1000,0,7000,7000,1/11/2025,2025-11-01,2025-11-09 09:45:38.764744,2025-11-01
CUS_0x19a3_2025_01_01,CUS_0x19a3,1/1/2025,10,10,10000,1000,0,7000,7000,1/11/2025,2025-11-01,2025-11-09 09:45:38.764744,2025-11-01
CUS_0x1a23_2025_01_01,CUS_0x1a23,1/1/2025,10,10,10000,1000,1000,0,0,1/11/2025,2025-11-01,2025-11-09 09:45:38.764744,2025-11-01
CUS_0x1a86_2025_01_01,CUS_0x1a86,1/1/2025,10,10,10000,1000,0,8000,8000,1/11/2025,2025-11-01,2025-11-09 09:45:38.764744,2025-11-01
CUS_0x1be1_2025_01_01,CUS_0x1be1,1/1/2025,10,10,10000,1000,0,7000,7000,1/11/2025,2025-11-01,2025-11-09 09:45:38.764744,2025-11-01
CUS_0x1c59_2025_01_01,CUS_0x1c59,1/1/2025,10,10,10000,1000,1000,0,0,1/11/2025,2025-11-01,2025-11-09 09:45:38.764744,2025-11-01
CUS_0x1cbd_2025_01_01,CUS_0x1cbd,1/1/2025,10,10,10000,1000,1000,0,0,1/11/2025,2025-11-01,2025-11-09 09:45:38.764744,2025-11-01
CUS_0x1cbe_2025_01_01,CUS_0x1cbe,1/1/2025,10,10,10000,1000,1000,0,0,1/11/2025,2025-11-01,2025-11-09 09:45:38.764744,2025-11-01
CUS_0x1ccd_2025_01_01,CUS_0x1ccd,1/1/2025,10,10,10000,1000,1000,0,0,1/11/2025,2025-11-01,2025-11-09 09:45:38.764744,2025-11-01
CUS_0x1de9_2025_01_01,CUS_0x1de9,1/1/2025,10,10,10000,1000,1000,0,0,1/11/2025,2025-11-01,2025-11-09 09:45:38.764744,2025-11-01
CUS_0x1deb_2025_01_01,CUS_0x1deb,1/1/2025,10,10,10000,1000,1000,0,0,1/11/2025,2025-11-01,2025-11-09 09:45:38.764744,2025-11-01
CUS_0x1f15_2025_01_01,CUS_0x1f15,1/1/2025,10,10,10000,1000,0,8000,8000,1/11/2025,2025-11-01,2025-11-09 09:45:38.764744,2025-11-01
CUS_0x1f2f_2025_01_01,CUS_0x1f2f,1/1/2025,10,10,10000,1000,1000,0,0,1/11/2025,2025-11-01,2025-11-09 09:45:38.764744,2025-11-01
CUS_0x206c_2025_01_01,CUS_0x206c,1/1/2025,10,10,10000,1000,1000,0,0,1/11/2025,2025-11-01,2025-11-09 09:45:38.764744,2025-11-01
CUS_0x20e5_2025_01_01,CUS_0x20e5,1/1/2025,10,10,10000,1000,1000,0,0,1/11/2025,2025-11-01,2025-11-09 09:45:38.764744,2025-11-01
CUS_0x21ac_2025_01_01,CUS_0x21ac,1/1/2025,10,10,10000,1000,0,8000,8000,1/11/2025,2025-11-01,2025-11-09 09:45:38.764744,2025-11-01
CUS_0x21be_2025_01_01,CUS_0x21be,1/1/2025,10,10,10000,1000,1000,0,0,1/11/2025,2025-11-01,2025-11-09 09:45:38.764744,2025-11-01
CUS_0x22c1_2025_01_01,CUS_0x22c1,1/1/2025,10,10,10000,1000,1000,0,0,1/11/2025,2025-11-01,2025-11-09 09:45:38.764744,2025-11-01
CUS_0x22c5_2025_01_01,CUS_0x22c5,1/1/2025,10,10,10000,1000,1000,0,0,1/11/2025,2025-11-01,2025-11-09 09:45:38.764744,2025-11-01
CUS_0x22f7_2025_01_01,CUS_0x22f7,1/1/2025,10,10,10000,1000,1000,0,0,1/11/2025,2025-11-01,2025-11-09 09:45:38.764744,2025-11-01
CUS_0x22fe_2025_01_01,CUS_0x22fe,1/1/2025,10,10,10000,1000,1000,0,0,1/11/2025,2025-11-01,2025-11-09 09:45:38.764744,2025-11-01
CUS_0x23eb_2025_01_01,CUS_0x23eb,1/1/2025,10,10,10000,1000,0,10000,10000,1/11/2025,2025-11-01,2025-11-09 09:45:38.764744,2025-11-01
CUS_0x243a_2025_01_01,CUS_0x243a,1/1/2025,10,10,10000,1000,1000,0,0,1/11/2025,2025-11-01,2025-11-09 09:45:38.764744,2025-11-01
CUS_0x24e0_2025_01_01,CUS_0x24e0,1/1/2025,10,10,10000,1000,1000,0,0,1/11/2025,2025-11-01,2025-11-09 09:45:38.764744,2025-11-01
CUS_0x24ef_2025_01_01,CUS_0x24ef,1/1/2025,10,10,10000,1000,0,7000,7000,1/11/2025,2025-11-01,2025-11-09 09:45:38.764744,2025-11-01
CUS_0x255b_2025_01_01,CUS_0x255b,1/1/2025,10,10,10000,1000,0,6000,6000,1/11/2025,2025-11-01,2025-11-09 09:45:38.764744,2025-11-01
CUS_0x2596_2025_01_01,CUS_0x2596,1/1/2025,10,10,10000,1000,0,9000,9000,1/11/2025,2025-11-01,2025-11-09 09:45:38.764744,2025-11-01
CUS_0x25ad_2025_01_01,CUS_0x25ad,1/1/2025,10,10,10000,1000,0,9000,9000,1/11/2025,2025-11-01,2025-11-09 09:45:38.764744,2025-11-01
CUS_0x25f2_2025_01_01,CUS_0x25f2,1/1/2025,10,10,10000,1000,1000,0,0,1/11/2025,2025-11-01,2025-11-09 09:45:38.764744,2025-11-01
CUS_0x2697_2025_01_01,CUS_0x2697,1/1/2025,10,10,10000,1000,1000,0,0,1/11/2025,2025-11-01,2025-11-09 09:45:38.764744,2025-11-01
CUS_0x26b0_2025_01_01,CUS_0x26b0,1/1/2025,10,10,10000,1000,1000,0,0,1/11/2025,2025-11-01,2025-11-09 09:45:38.764744,2025-11-01
CUS_0x26bf_2025_01_01,CUS_0x26bf,1/1/2025,10,10,10000,1000,1000,0,0,1/11/2025,2025-11-01,2025-11-09 09:45:38.764744,2025-11-01
CUS_0x2728_2025_01_01,CUS_0x2728,1/1/2025,10,10,10000,1000,1000,0,0,1/11/2025,2025-11-01,2025-11-09 09:45:38.764744,2025-11-01
CUS_0x27a6_2025_01_01,CUS_0x27a6,1/1/2025,10,10,10000,1000,1000,0,0,1/11/2025,2025-11-01,2025-11-09 09:45:38.764744,2025-11-01
CUS_0x27ad_2025_01_01,CUS_0x27ad,1/1/2025,10,10,10000,1000,1000,0,0,1/11/2025,2025-11-01,2025-11-09 09:45:38.764744,2025-11-01
CUS_0x27f4_2025_01_01,CUS_0x27f4,1/1/2025,10,10,10000,1000,1000,0,0,1/11/2025,2025-11-01,2025-11-09 09:45:38.764744,2025-11-01
CUS_0x2801_2025_01_01,CUS_0x2801,1/1/2025,10,10,10000,1000,0,7000,7000,1/11/2025,2025-11-01,2025-11-09 09:45:38.764744,2025-11-01
CUS_0x281d_2025_01_01,CUS_0x281d,1/1/2025,10,10,10000,1000,1000,0,0,1/11/2025,2025-11-01,2025-11-09 09:45:38.764744,2025-11-01
CUS_0x28c4_2025_01_01,CUS_0x28c4,1/1/2025,10,10,10000,1000,1000,0,0,1/11/2025,2025-11-01,2025-11-09 09:45:38.764744,2025-11-01
CUS_0x28df_2025_01_01,CUS_0x28df,1/1/2025,10,10,10000,1000,0,8000,8000,1/11/2025,2025-11-01,2025-11-09 09:45:38.764744,2025-11-01
CUS_0x28ee_2025_01_01,CUS_0x28ee,1/1/2025,10,10,10000,1000,0,9000,9000,1/11/2025,2025-11-01,2025-11-09 09:45:38.764744,2025-11-01
CUS_0x290d_2025_01_01,CUS_0x290d,1/1/2025,10,10,10000,1000,1000,0,0,1/11/2025,2025-11-01,2025-11-09 09:45:38.764744,2025-11-01
CUS_0x292b_2025_01_01,CUS_0x292b,1/1/2025,10,10,10000,1000,1000,0,0,1/11/2025,2025-11-01,2025-11-09 09:45:38.764744,2025-11-01
CUS_0x2991_2025_01_01,CUS_0x2991,1/1/2025,10,10,10000,1000,0,9000,9000,1/11/2025,2025-11-01,2025-11-09 09:45:38.764744,2025-11-01
CUS_0x29a2_2025_01_01,CUS_0x29a2,1/1/2025,10,10,10000,1000,1000,0,0,1/11/2025,2025-11-01,2025-11-09 09:45:38.764744,2025-11-01
CUS_0x2a11_2025_01_01,CUS_0x2a11,1/1/2025,10,10,10000,1000,1000,0,0,1/11/2025,2025-11-01,2025-11-09 09:45:38.764744,2025-11-01
CUS_0x2a64_2025_01_01,CUS_0x2a64,1/1/2025,10,10,10000,1000,1000,0,0,1/11/2025,2025-11-01,2025-11-09 09:45:38.764744,2025-11-01
CUS_0x2ad4_2025_01_01,CUS_0x2ad4,1/1/2025,10,10,10000,1000,0,7000,7000,1/11/2025,2025-11-01,2025-11-09 09:45:38.764744,2025-11-01
CUS_0x2b2c_2025_01_01,CUS_0x2b2c,1/1/2025,10,10,10000,1000,1000,0,0,1/11/2025,2025-11-01,2025-11-09 09:45:38.764744,2025-11-01
CUS_0x2b6a_2025_01_01,CUS_0x2b6a,1/1/2025,10,10,10000,1000,1000,0,0,1/11/2025,2025-11-01,2025-11-09 09:45:38.764744,2025-11-01
CUS_0x2b98_2025_01_01,CUS_0x2b98,1/1/2025,10,10,10000,1000,0,6000,6000,1/11/2025,2025-11-01,2025-11-09 09:45:38.764744,2025-11-01
CUS_0x2bdd_2025_01_01,CUS_0x2bdd,1/1/2025,10,10,10000,1000,1000,0,0,1/11/2025,2025-11-01,2025-11-09 09:45:38.764744,2025-11-01
CUS_0x2bf3_2025_01_01,CUS_0x2bf3,1/1/2025,10,10,10000,1000,1000,0,0,1/11/2025,2025-11-01,2025-11-09 09:45:38.764744,2025-11-01
CUS_0x2c7d_2025_01_01,CUS_0x2c7d,1/1/2025,10,10,10000,1000,1000,0,0,1/11/2025,2025-11-01,2025-11-09 09:45:38.764744,2025-11-01
CUS_0x2d64_2025_01_01,CUS_0x2d64,1/1/2025,10,10,10000,1000,1000,0,0,1/11/2025,2025-11-01,2025-11-09 09:45:38.764744,2025-11-01
CUS_0x2d7e_2025_01_01,CUS_0x2d7e,1/1/2025,10,10,10000,1000,1000,0,0,1/11/2025,2025-11-01,2025-11-09 09:45:38.764744,2025-11-01
CUS_0x2db5_2025_01_01,CUS_0x2db5,1/1/2025,10,10,10000,1000,1000,0,0,1/11/2025,2025-11-01,2025-11-09 09:45:38.764744,2025-11-01
CUS_0x2dc6_2025_01_01,CUS_0x2dc6,1/1/2025,10,10,10000,1000,1000,0,0,1/11/2025,2025-11-01,2025-11-09 09:45:38.764744,2025-11-01
CUS_0x2e1d_2025_01_01,CUS_0x2e1d,1/1/2025,10,10,10000,1000,1000,0,0,1/11/2025,2025-11-01,2025-11-09 09:45:38.764744,2025-11-01
CUS_0x2e55_2025_01_01,CUS_0x2e55,1/1/2025,10,10,10000,1000,1000,0,0,1/11/2025,2025-11-01,2025-11-09 09:45:38.764744,2025-11-01
CUS_0x2e8b_2025_01_01,CUS_0x2e8b,1/1/2025,10,10,10000,1000,1000,0,0,1/11/2025,2025-11-01,2025-11-09 09:45:38.764744,2025-11-01
CUS_0x2ec6_2025_01_01,CUS_0x2ec6,1/1/2025,10,10,10000,1000,1000,0,0,1/11/2025,2025-11-01,2025-11-09 09:45:38.764744,2025-11-01
CUS_0x2f04_2025_01_01,CUS_0x2f04,1/1/2025,10,10,10000,1000,1000,0,0,1/11/2025,2025-11-01,2025-11-09 09:45:38.764744,2025-11-01
CUS_0x2f24_2025_01_01,CUS_0x2f24,1/1/2025,10,10,10000,1000,0,7000,7000,1/11/2025,2025-11-01,2025-11-09 09:45:38.764744,2025-11-01
CUS_0x2f69_2025_01_01,CUS_0x2f69,1/1/2025,10,10,10000,1000,1000,0,0,1/11/2025,2025-11-01,2025-11-09 09:45:38.764744,2025-11-01
CUS_0x3026_2025_01_01,CUS_0x3026,1/1/2025,10,10,10000,1000,0,6000,6000,1/11/2025,2025-11-01,2025-11-09 09:45:38.764744,2025-11-01
CUS_0x303d_2025_01_01,CUS_0x303d,1/1/2025,10,10,10000,1000,0,6000,6000,1/11/2025,2025-11-01,2025-11-09 09:45:38.764744,2025-11-01
CUS_0x3060_2025_01_01,CUS_0x3060,1/1/2025,10,10,10000,1000,1000,0,0,1/11/2025,2025-11-01,2025-11-09 09:45:38.764744,2025-11-01
CUS_0x3097_2025_01_01,CUS_0x3097,1/1/2025,10,10,10000,1000,1000,0,0,1/11/2025,2025-11-01,2025-11-09 09:45:38.764744,2025-11-01
CUS_0x320e_2025_01_01,CUS_0x320e,1/1/2025,10,10,10000,1000,1000,0,0,1/11/2025,2025-11-01,2025-11-09 09:45:38.764744,2025-11-01
CUS_0x32d3_2025_01_01,CUS_0x32d3,1/1/2025,10,10,10000,1000,1000,0,0,1/11/2025,2025-11-01,2025-11-09 09:45:38.764744,2025-11-01
CUS_0x332b_2025_01_01,CUS_0x332b,1/1/2025,10,10,10000,1000,1000,0,0,1/11/2025,2025-11-01,2025-11-09 09:45:38.764744,2025-11-01
CUS_0x3415_2025_01_01,CUS_0x3415,1/1/2025,10,10,10000,1000,1000,0,0,1/11/2025,2025-11-01,2025-11-09 09:45:38.764744,2025-11-01
CUS_0x3430_2025_01_01,CUS_0x3430,1/1/2025,10,10,10000,1000,0,7000,7000,1/11/2025,2025-11-01,2025-11-09 09:45:38.764744,2025-11-01
CUS_0x34fb_2025_01_01,CUS_0x34fb,1/1/2025,10,10,10000,1000,1000,0,0,1/11/2025,2025-11-01,2025-11-09 09:45:38.764744,2025-11-01
CUS_0x3530_2025_01_01,CUS_0x3530,1/1/2025,10,10,10000,1000,1000,0,0,1/11/2025,2025-11-01,2025-11-09 09:45:38.764744,2025-11-01
CUS_0x3631_2025_01_01,CUS_0x3631,1/1/2025,10,10,10000,1000,0,9000,9000,1/11/2025,2025-11-01,2025-11-09 09:45:38.764744,2025-11-01
CUS_0x3644_2025_01_01,CUS_0x3644,1/1/2025,10,10,10000,1000,1000,0,0,1/11/2025,2025-11-01,2025-11-09 09:45:38.764744,2025-11-01
CUS_0x367d_2025_01_01,CUS_0x367d,1/1/2025,10,10,10000,1000,0,6000,6000,1/11/2025,2025-11-01,2025-11-09 09:45:38.764744,2025-11-01
CUS_0x369d_2025_01_01,CUS_0x369d,1/1/2025,10,10,10000,1000,0,7000,7000,1/11/2025,2025-11-01,2025-11-09 09:45:38.764744,2025-11-01
CUS_0x36ab_2025_01_01,CUS_0x36ab,1/1/2025,10,10,10000,1000,1000,0,0,1/11/2025,2025-11-01,2025-11-09 09:45:38.764744,2025-11-01
CUS_0x36d3_2025_01_01,CUS_0x36d3,1/1/2025,10,10,10000,1000,1000,0,0,1/11/2025,2025-11-01,2025-11-09 09:45:38.764744,2025-11-01
CUS_0x36eb_2025_01_01,CUS_0x36eb,1/1/2025,10,10,10000,1000,0,9000,9000,1/11/2025,2025-11-01,2025-11-09 09:45:38.764744,2025-11-01
CUS_0x3709_2025_01_01,CUS_0x3709,1/1/2025,10,10,10000,1000,1000,0,0,1/11/2025,2025-11-01,2025-11-09 09:45:38.764744,2025-11-01
CUS_0x3849_2025_01_01,CUS_0x3849,1/1/2025,10,10,10000,1000,1000,0,0,1/11/2025,2025-11-01,2025-11-09 09:45:38.764744,2025-11-01
CUS_0x38a4_2025_01_01,CUS_0x38a4,1/1/2025,10,10,10000,1000,1000,0,0,1/11/2025,2025-11-01,2025-11-09 09:45:38.764744,2025-11-01
CUS_0x3915_2025_01_01,CUS_0x3915,1/1/2025,10,10,10000,1000,0,6000,6000,1/11/2025,2025-11-01,2025-11-09 09:45:38.764744,2025-11-01
CUS_0x39c0_2025_01_01,CUS_0x39c0,1/1/2025,10,10,10000,1000,0,7000,7000,1/11/2025,2025-11-01,2025-11-09 09:45:38.764744,2025-11-01
CUS_0x3a70_2025_01_01,CUS_0x3a70,1/1/2025,10,10,10000,1000,1000,0,0,1/11/2025,2025-11-01,2025-11-09 09:45:38.764744,2025-11-01
CUS_0x3b01_2025_01_01,CUS_0x3b01,1/1/2025,10,10,10000,1000,0,9000,9000,1/11/2025,2025-11-01,2025-11-09 09:45:38.764744,2025-11-01
CUS_0x3bbf_2025_01_01,CUS_0x3bbf,1/1/2025,10,10,10000,1000,1000,0,0,1/11/2025,2025-11-01,2025-11-09 09:45:38.764744,2025-11-01
CUS_0x3c55_2025_01_01,CUS_0x3c55,1/1/2025,10,10,10000,1000,1000,0,0,1/11/2025,2025-11-01,2025-11-09 09:45:38.764744,2025-11-01
CUS_0x3c95_2025_01_01,CUS_0x3c95,1/1/2025,10,10,10000,1000,1000,0,0,1/11/2025,2025-11-01,2025-11-09 09:45:38.764744,2025-11-01
CUS_0x3d10_2025_01_01,CUS_0x3d10,1/1/2025,10,10,10000,1000,1000,0,0,1/11/2025,2025-11-01,2025-11-09 09:45:38.764744,2025-11-01
CUS_0x3dfc_2025_01_01,CUS_0x3dfc,1/1/2025,10,10,10000,1000,1000,0,0,1/11/2025,2025-11-01,2025-11-09 09:45:38.764744,2025-11-01
CUS_0x3e52_2025_01_01,CUS_0x3e52,1/1/2025,10,10,10000,1000,1000,0,0,1/11/2025,2025-11-01,2025-11-09 09:45:38.764744,2025-11-01
CUS_0x3e7e_2025_01_01,CUS_0x3e7e,1/1/2025,10,10,10000,1000,1000,0,0,1/11/2025,2025-11-01,2025-11-09 09:45:38.764744,2025-11-01
CUS_0x3e91_2025_01_01,CUS_0x3e91,1/1/2025,10,10,10000,1000,1000,0,0,1/11/2025,2025-11-01,2025-11-09 09:45:38.764744,2025-11-01
CUS_0x3f4a_2025_01_01,CUS_0x3f4a,1/1/2025,10,10,10000,1000,1000,0,0,1/11/2025,2025-11-01,2025-11-09 09:45:38.764744,2025-11-01
CUS_0x3f83_2025_01_01,CUS_0x3f83,1/1/2025,10,10,10000,1000,0,6000,6000,1/11/2025,2025-11-01,2025-11-09 09:45:38.764744,2025-11-01
CUS_0x3f9c_2025_01_01,CUS_0x3f9c,1/1/2025,10,10,10000,1000,1000,0,0,1/11/2025,2025-11-01,2025-11-09 09:45:38.764744,2025-11-01
CUS_0x3fde_2025_01_01,CUS_0x3fde,1/1/2025,10,10,10000,1000,1000,0,0,1/11/2025,2025-11-01,2025-11-09 09:45:38.764744,2025-11-01
CUS_0x3feb_2025_01_01,CUS_0x3feb,1/1/2025,10,10,10000,1000,0,7000,7000,1/11/2025,2025-11-01,2025-11-09 09:45:38.764744,2025-11-01
CUS_0x4028_2025_01_01,CUS_0x4028,1/1/2025,10,10,10000,1000,1000,0,0,1/11/2025,2025-11-01,2025-11-09 09:45:38.764744,2025-11-01
CUS_0x40bc_2025_01_01,CUS_0x40bc,1/1/2025,10,10,10000,1000,0,8000,8000,1/11/2025,2025-11-01,2025-11-09 09:45:38.764744,2025-11-01
CUS_0x4187_2025_01_01,CUS_0x4187,1/1/2025,10,10,10000,1000,0,7000,7000,1/11/2025,2025-11-01,2025-11-09 09:45:38.764744,2025-11-01
CUS_0x4190_2025_01_01,CUS_0x4190,1/1/2025,10,10,10000,1000,0,10000,10000,1/11/2025,2025-11-01,2025-11-09 09:45:38.764744,2025-11-01
CUS_0x4198_2025_01_01,CUS_0x4198,1/1/2025,10,10,10000,1000,1000,0,0,1/11/2025,2025-11-01,2025-11-09 09:45:38.764744,2025-11-01
CUS_0x419f_2025_01_01,CUS_0x419f,1/1/2025,10,10,10000,1000,1000,0,0,1/11/2025,2025-11-01,2025-11-09 09:45:38.764744,2025-11-01
CUS_0x41d4_2025_01_01,CUS_0x41d4,1/1/2025,10,10,10000,1000,1000,0,0,1/11/2025,2025-11-01,2025-11-09 09:45:38.764744,2025-11-01
CUS_0x426a_2025_01_01,CUS_0x426a,1/1/2025,10,10,10000,1000,1000,0,0,1/11/2025,2025-11-01,2025-11-09 09:45:38.764744,2025-11-01
CUS_0x427b_2025_01_01,CUS_0x427b,1/1/2025,10,10,10000,1000,1000,0,0,1/11/2025,2025-11-01,2025-11-09 09:45:38.764744,2025-11-01
CUS_0x4334_2025_01_01,CUS_0x4334,1/1/2025,10,10,10000,1000,0,8000,8000,1/11/2025,2025-11-01,2025-11-09 09:45:38.764744,2025-11-01
CUS_0x4367_2025_01_01,CUS_0x4367,1/1/2025,10,10,10000,1000,1000,0,0,1/11/2025,2025-11-01,2025-11-09 09:45:38.764744,2025-11-01
CUS_0x4403_2025_01_01,CUS_0x4403,1/1/2025,10,10,10000,1000,1000,0,0,1/11/2025,2025-11-01,2025-11-09 09:45:38.764744,2025-11-01
CUS_0x440a_2025_01_01,CUS_0x440a,1/1/2025,10,10,10000,1000,1000,0,0,1/11/2025,2025-11-01,2025-11-09 09:45:38.764744,2025-11-01
CUS_0x4487_2025_01_01,CUS_0x4487,1/1/2025,10,10,10000,1000,1000,0,0,1/11/2025,2025-11-01,2025-11-09 09:45:38.764744,2025-11-01
CUS_0x44c5_2025_01_01,CUS_0x44c5,1/1/2025,10,10,10000,1000,0,7000,7000,1/11/2025,2025-11-01,2025-11-09 09:45:38.764744,2025-11-01
CUS_0x44f0_2025_01_01,CUS_0x44f0,1/1/2025,10,10,10000,1000,0,6000,6000,1/11/2025,2025-11-01,2025-11-09 09:45:38.764744,2025-11-01
CUS_0x44f4_2025_01_01,CUS_0x44f4,1/1/2025,10,10,10000,1000,1000,0,0,1/11/2025,2025-11-01,2025-11-09 09:45:38.764744,2025-11-01
CUS_0x4587_2025_01_01,CUS_0x4587,1/1/2025,10,10,10000,1000,0,10000,10000,1/11/2025,2025-11-01,2025-11-09 09:45:38.764744,2025-11-01
CUS_0x45ab_2025_01_01,CUS_0x45ab,1/1/2025,10,10,10000,1000,1000,0,0,1/11/2025,2025-11-01,2025-11-09 09:45:38.764744,2025-11-01
CUS_0x45ca_2025_01_01,CUS_0x45ca,1/1/2025,10,10,10000,1000,1000,0,0,1/11/2025,2025-11-01,2025-11-09 09:45:38.764744,2025-11-01
CUS_0x463_2025_01_01,CUS_0x463,1/1/2025,10,10,10000,1000,1000,0,0,1/11/2025,2025-11-01,2025-11-09 09:45:38.764744,2025-11-01
CUS_0x46a_2025_01_01,CUS_0x46a,1/1/2025,10,10,10000,1000,1000,0,0,1/11/2025,2025-11-01,2025-11-09 09:45:38.764744,2025-11-01
CUS_0x4779_2025_01_01,CUS_0x4779,1/1/2025,10,10,10000,1000,0,7000,7000,1/11/2025,2025-11-01,2025-11-09 09:45:38.764744,2025-11-01
CUS_0x479c_2025_01_01,CUS_0x479c,1/1/2025,10,10,10000,1000,1000,0,0,1/11/2025,2025-11-01,2025-11-09 09:45:38.764744,2025-11-01
CUS_0x47a6_2025_01_01,CUS_0x47a6,1/1/2025,10,10,10000,1000,1000,0,0,1/11/2025,2025-11-01,2025-11-09 09:45:38.764744,2025-11-01
CUS_0x47d3_2025_01_01,CUS_0x47d3,1/1/2025,10,10,10000,1000,1000,0,0,1/11/2025,2025-11-01,2025-11-09 09:45:38.764744,2025-11-01
CUS_0x481f_2025_01_01,CUS_0x481f,1/1/2025,10,10,10000,1000,0,8000,8000,1/11/2025,2025-11-01,2025-11-09 09:45:38.764744,2025-11-01
CUS_0x48c5_2025_01_01,CUS_0x48c5,1/1/2025,10,10,10000,1000,0,9000,9000,1/11/2025,2025-11-01,2025-11-09 09:45:38.764744,2025-11-01
CUS_0x498a_2025_01_01,CUS_0x498a,1/1/2025,10,10,10000,1000,1000,0,0,1/11/2025,2025-11-01,2025-11-09 09:45:38.764744,2025-11-01
CUS_0x4a6a_2025_01_01,CUS_0x4a6a,1/1/2025,10,10,10000,1000,1000,0,0,1/11/2025,2025-11-01,2025-11-09 09:45:38.764744,2025-11-01
CUS_0x4afe_2025_01_01,CUS_0x4afe,1/1/2025,10,10,10000,1000,1000,0,0,1/11/2025,2025-11-01,2025-11-09 09:45:38.764744,2025-11-01
CUS_0x4bc1_2025_01_01,CUS_0x4bc1,1/1/2025,10,10,10000,1000,0,8000,8000,1/11/2025,2025-11-01,2025-11-09 09:45:38.764744,2025-11-01
CUS_0x4bff_2025_01_01,CUS_0x4bff,1/1/2025,10,10,10000,1000,1000,0,0,1/11/2025,2025-11-01,2025-11-09 09:45:38.764744,2025-11-01
CUS_0x4c34_2025_01_01,CUS_0x4c34,1/1/2025,10,10,10000,1000,1000,0,0,1/11/2025,2025-11-01,2025-11-09 09:45:38.764744,2025-11-01
CUS_0x4c80_2025_01_01,CUS_0x4c80,1/1/2025,10,10,10000,1000,1000,0,0,1/11/2025,2025-11-01,2025-11-09 09:45:38.764744,2025-11-01
CUS_0x4cae_2025_01_01,CUS_0x4cae,1/1/2025,10,10,10000,1000,1000,0,0,1/11/2025,2025-11-01,2025-11-09 09:45:38.764744,2025-11-01
CUS_0x4d03_2025_01_01,CUS_0x4d03,1/1/2025,10,10,10000,1000,1000,0,0,1/11/2025,2025-11-01,2025-11-09 09:45:38.764744,2025-11-01
CUS_0x4d4_2025_01_01,CUS_0x4d4,1/1/2025,10,10,10000,1000,1000,0,0,1/11/2025,2025-11-01,2025-11-09 09:45:38.764744,2025-11-01
CUS_0x4d77_2025_01_01,CUS_0x4d77,1/1/2025,10,10,10000,1000,1000,0,0,1/11/2025,2025-11-01,2025-11-09 09:45:38.764744,2025-11-01
CUS_0x4daf_2025_01_01,CUS_0x4daf,1/1/2025,10,10,10000,1000,1000,0,0,1/11/2025,2025-11-01,2025-11-09 09:45:38.764744,2025-11-01
CUS_0x4db6_2025_01_01,CUS_0x4db6,1/1/2025,10,10,10000,1000,1000,0,0,1/11/2025,2025-11-01,2025-11-09 09:45:38.764744,2025-11-01
CUS_0x4df9_2025_01_01,CUS_0x4df9,1/1/2025,10,10,10000,1000,0,9000,9000,1/11/2025,2025-11-01,2025-11-09 09:45:38.764744,2025-11-01
CUS_0x4e26_2025_01_01,CUS_0x4e26,1/1/2025,10,10,10000,1000,1000,0,0,1/11/2025,2025-11-01,2025-11-09 09:45:38.764744,2025-11-01
CUS_0x4e5e_2025_01_01,CUS_0x4e5e,1/1/2025,10,10,10000,1000,1000,0,0,1/11/2025,2025-11-01,2025-11-09 09:45:38.764744,2025-11-01
CUS_0x4e8b_2025_01_01,CUS_0x4e8b,1/1/2025,10,10,10000,1000,1000,0,0,1/11/2025,2025-11-01,2025-11-09 09:45:38.764744,2025-11-01
CUS_0x4ea4_2025_01_01,CUS_0x4ea4,1/1/2025,10,10,10000,1000,1000,0,0,1/11/2025,2025-11-01,2025-11-09 09:45:38.764744,2025-11-01
CUS_0x4eea_2025_01_01,CUS_0x4eea,1/1/2025,10,10,10000,1000,1000,0,0,1/11/2025,2025-11-01,2025-11-09 09:45:38.764744,2025-11-01
CUS_0x4ef6_2025_01_01,CUS_0x4ef6,1/1/2025,10,10,10000,1000,0,8000,8000,1/11/2025,2025-11-01,2025-11-09 09:45:38.764744,2025-11-01
CUS_0x4ef9_2025_01_01,CUS_0x4ef9,1/1/2025,10,10,10000,1000,1000,0,0,1/11/2025,2025-11-01,2025-11-09 09:45:38.764744,2025-11-01
CUS_0x4efc_2025_01_01,CUS_0x4efc,1/1/2025,10,10,10000,1000,0,8000,8000,1/11/2025,2025-11-01,2025-11-09 09:45:38.764744,2025-11-01
CUS_0x4f04_2025_01_01,CUS_0x4f04,1/1/2025,10,10,10000,1000,1000,0,0,1/11/2025,2025-11-01,2025-11-09 09:45:38.764744,2025-11-01
CUS_0x4f2e_2025_01_01,CUS_0x4f2e,1/1/2025,10,10,10000,1000,1000,0,0,1/11/2025,2025-11-01,2025-11-09 09:45:38.764744,2025-11-01
CUS_0x4f51_2025_01_01,CUS_0x4f51,1/1/2025,10,10,10000,1000,0,9000,9000,1/11/2025,2025-11-01,2025-11-09 09:45:38.764744,2025-11-01
CUS_0x4f6c_2025_01_01,CUS_0x4f6c,1/1/2025,10,10,10000,1000,0,7000,7000,1/11/2025,2025-11-01,2025-11-09 09:45:38.764744,2025-11-01
CUS_0x4f7c_2025_01_01,CUS_0x4f7c,1/1/2025,10,10,10000,1000,1000,0,0,1/11/2025,2025-11-01,2025-11-09 09:45:38.764744,2025-11-01
CUS_0x4fc2_2025_01_01,CUS_0x4fc2,1/1/2025,10,10,10000,1000,0,8000,8000,1/11/2025,2025-11-01,2025-11-09 09:45:38.764744,2025-11-01
CUS_0x503f_2025_01_01,CUS_0x503f,1/1/2025,10,10,10000,1000,1000,0,0,1/11/2025,2025-11-01,2025-11-09 09:45:38.764744,2025-11-01
CUS_0x50af_2025_01_01,CUS_0x50af,1/1/2025,10,10,10000,1000,1000,0,0,1/11/2025,2025-11-01,2025-11-09 09:45:38.764744,2025-11-01
CUS_0x512d_2025_01_01,CUS_0x512d,1/1/2025,10,10,10000,1000,1000,0,0,1/11/2025,2025-11-01,2025-11-09 09:45:38.764744,2025-11-01
CUS_0x51de_2025_01_01,CUS_0x51de,1/1/2025,10,10,10000,1000,1000,0,0,1/11/2025,2025-11-01,2025-11-09 09:45:38.764744,2025-11-01
CUS_0x526a_2025_01_01,CUS_0x526a,1/1/2025,10,10,10000,1000,1000,0,0,1/11/2025,2025-11-01,2025-11-09 09:45:38.764744,2025-11-01
CUS_0x52c3_2025_01_01,CUS_0x52c3,1/1/2025,10,10,10000,1000,1000,0,0,1/11/2025,2025-11-01,2025-11-09 09:45:38.764744,2025-11-01
CUS_0x5313_2025_01_01,CUS_0x5313,1/1/2025,10,10,10000,1000,1000,0,0,1/11/2025,2025-11-01,2025-11-09 09:45:38.764744,2025-11-01
CUS_0x532a_2025_01_01,CUS_0x532a,1/1/2025,10,10,10000,1000,1000,0,0,1/11/2025,2025-11-01,2025-11-09 09:45:38.764744,2025-11-01
CUS_0x533e_2025_01_01,CUS_0x533e,1/1/2025,10,10,10000,1000,0,7000,7000,1/11/2025,2025-11-01,2025-11-09 09:45:38.764744,2025-11-01
CUS_0x5352_2025_01_01,CUS_0x5352,1/1/2025,10,10,10000,1000,1000,0,0,1/11/2025,2025-11-01,2025-11-09 09:45:38.764744,2025-11-01
CUS_0x537e_2025_01_01,CUS_0x537e,1/1/2025,10,10,10000,1000,1000,0,0,1/11/2025,2025-11-01,2025-11-09 09:45:38.764744,2025-11-01
CUS_0x53f7_2025_01_01,CUS_0x53f7,1/1/2025,10,10,10000,1000,1000,0,0,1/11/2025,2025-11-01,2025-11-09 09:45:38.764744,2025-11-01
CUS_0x54b_2025_01_01,CUS_0x54b,1/1/2025,10,10,10000,1000,0,6000,6000,1/11/2025,2025-11-01,2025-11-09 09:45:38.764744,2025-11-01
CUS_0x54d0_2025_01_01,CUS_0x54d0,1/1/2025,10,10,10000,1000,1000,0,0,1/11/2025,2025-11-01,2025-11-09 09:45:38.764744,2025-11-01
CUS_0x54e8_2025_01_01,CUS_0x54e8,1/1/2025,10,10,10000,1000,1000,0,0,1/11/2025,2025-11-01,2025-11-09 09:45:38.764744,2025-11-01
CUS_0x5522_2025_01_01,CUS_0x5522,1/1/2025,10,10,10000,1000,1000,0,0,1/11/2025,2025-11-01,2025-11-09 09:45:38.764744,2025-11-01
CUS_0x556_2025_01_01,CUS_0x556,1/1/2025,10,10,10000,1000,0,8000,8000,1/11/2025,2025-11-01,2025-11-09 09:45:38.764744,2025-11-01
CUS_0x5672_2025_01_01,CUS_0x5672,1/1/2025,10,10,10000,1000,1000,0,0,1/11/2025,2025-11-01,2025-11-09 09:45:38.764744,2025-11-01
CUS_0x578b_2025_01_01,CUS_0x578b,1/1/2025,10,10,10000,1000,0,8000,8000,1/11/2025,2025-11-01,2025-11-09 09:45:38.764744,2025-11-01
CUS_0x586c_2025_01_01,CUS_0x586c,1/1/2025,10,10,10000,1000,1000,0,0,1/11/2025,2025-11-01,2025-11-09 09:45:38.764744,2025-11-01
CUS_0x58b2_2025_01_01,CUS_0x58b2,1/1/2025,10,10,10000,1000,1000,0,0,1/11/2025,2025-11-01,2025-11-09 09:45:38.764744,2025-11-01
CUS_0x58d7_2025_01_01,CUS_0x58d7,1/1/2025,10,10,10000,1000,1000,0,0,1/11/2025,2025-11-01,2025-11-09 09:45:38.764744,2025-11-01
CUS_0x5905_2025_01_01,CUS_0x5905,1/1/2025,10,10,10000,1000,1000,0,0,1/11/2025,2025-11-01,2025-11-09 09:45:38.764744,2025-11-01
CUS_0x5946_2025_01_01,CUS_0x5946,1/1/2025,10,10,10000,1000,1000,0,0,1/11/2025,2025-11-01,2025-11-09 09:45:38.764744,2025-11-01
CUS_0x59bd_2025_01_01,CUS_0x59bd,1/1/2025,10,10,10000,1000,0,8000,8000,1/11/2025,2025-11-01,2025-11-09 09:45:38.764744,2025-11-01
CUS_0x5a0f_2025_01_01,CUS_0x5a0f,1/1/2025,10,10,10000,1000,1000,0,0,1/11/2025,2025-11-01,2025-11-09 09:45:38.764744,2025-11-01
CUS_0x5a83_2025_01_01,CUS_0x5a83,1/1/2025,10,10,10000,1000,1000,0,0,1/11/2025,2025-11-01,2025-11-09 09:45:38.764744,2025-11-01
CUS_0x5a88_2025_01_01,CUS_0x5a88,1/1/2025,10,10,10000,1000,0,8000,8000,1/11/2025,2025-11-01,2025-11-09 09:45:38.764744,2025-11-01
CUS_0x5b37_2025_01_01,CUS_0x5b37,1/1/2025,10,10,10000,1000,0,7000,7000,1/11/2025,2025-11-01,2025-11-09 09:45:38.764744,2025-11-01
CUS_0x5b61_2025_01_01,CUS_0x5b61,1/1/2025,10,10,10000,1000,1000,0,0,1/11/2025,2025-11-01,2025-11-09 09:45:38.764744,2025-11-01
CUS_0x5b8_2025_01_01,CUS_0x5b8,1/1/2025,10,10,10000,1000,1000,0,0,1/11/2025,2025-11-01,2025-11-09 09:45:38.764744,2025-11-01
CUS_0x5b8c_2025_01_01,CUS_0x5b8c,1/1/2025,10,10,10000,1000,1000,0,0,1/11/2025,2025-11-01,2025-11-09 09:45:38.764744,2025-11-01
CUS_0x5c2c_2025_01_01,CUS_0x5c2c,1/1/2025,10,10,10000,1000,1000,0,0,1/11/2025,2025-11-01,2025-11-09 09:45:38.764744,2025-11-01
CUS_0x5cb6_2025_01_01,CUS_0x5cb6,1/1/2025,10,10,10000,1000,1000,0,0,1/11/2025,2025-11-01,2025-11-09 09:45:38.764744,2025-11-01
CUS_0x5d14_2025_01_01,CUS_0x5d14,1/1/2025,10,10,10000,1000,1000,0,0,1/11/2025,2025-11-01,2025-11-09 09:45:38.764744,2025-11-01
CUS_0x5d5_2025_01_01,CUS_0x5d5,1/1/2025,10,10,10000,1000,1000,0,0,1/11/2025,2025-11-01,2025-11-09 09:45:38.764744,2025-11-01
CUS_0x5d67_2025_01_01,CUS_0x5d67,1/1/2025,10,10,10000,1000,1000,0,0,1/11/2025,2025-11-01,2025-11-09 09:45:38.764744,2025-11-01
CUS_0x5d6a_2025_01_01,CUS_0x5d6a,1/1/2025,10,10,10000,1000,0,7000,7000,1/11/2025,2025-11-01,2025-11-09 09:45:38.764744,2025-11-01
CUS_0x5da7_2025_01_01,CUS_0x5da7,1/1/2025,10,10,10000,1000,1000,0,0,1/11/2025,2025-11-01,2025-11-09 09:45:38.764744,2025-11-01
CUS_0x5df9_2025_01_01,CUS_0x5df9,1/1/2025,10,10,10000,1000,1000,0,0,1/11/2025,2025-11-01,2025-11-09 09:45:38.764744,2025-11-01
CUS_0x5e17_2025_01_01,CUS_0x5e17,1/1/2025,10,10,10000,1000,0,7000,7000,1/11/2025,2025-11-01,2025-11-09 09:45:38.764744,2025-11-01
CUS_0x5ec2_2025_01_01,CUS_0x5ec2,1/1/2025,10,10,10000,1000,1000,0,0,1/11/2025,2025-11-01,2025-11-09 09:45:38.764744,2025-11-01
CUS_0x5ed2_2025_01_01,CUS_0x5ed2,1/1/2025,10,10,10000,1000,0,6000,6000,1/11/2025,2025-11-01,2025-11-09 09:45:38.764744,2025-11-01
CUS_0x5edc_2025_01_01,CUS_0x5edc,1/1/2025,10,10,10000,1000,1000,0,0,1/11/2025,2025-11-01,2025-11-09 09:45:38.764744,2025-11-01
CUS_0x5f05_2025_01_01,CUS_0x5f05,1/1/2025,10,10,10000,1000,0,6000,6000,1/11/2025,2025-11-01,2025-11-09 09:45:38.764744,2025-11-01
CUS_0x5f22_2025_01_01,CUS_0x5f22,1/1/2025,10,10,10000,1000,1000,0,0,1/11/2025,2025-11-01,2025-11-09 09:45:38.764744,2025-11-01
CUS_0x5f49_2025_01_01,CUS_0x5f49,1/1/2025,10,10,10000,1000,1000,0,0,1/11/2025,2025-11-01,2025-11-09 09:45:38.764744,2025-11-01
CUS_0x5fab_2025_01_01,CUS_0x5fab,1/1/2025,10,10,10000,1000,1000,0,0,1/11/2025,2025-11-01,2025-11-09 09:45:38.764744,2025-11-01
CUS_0x5fde_2025_01_01,CUS_0x5fde,1/1/2025,10,10,10000,1000,1000,0,0,1/11/2025,2025-11-01,2025-11-09 09:45:38.764744,2025-11-01
CUS_0x600e_2025_01_01,CUS_0x600e,1/1/2025,10,10,10000,1000,1000,0,0,1/11/2025,2025-11-01,2025-11-09 09:45:38.764744,2025-11-01
CUS_0x60c3_2025_01_01,CUS_0x60c3,1/1/2025,10,10,10000,1000,1000,0,0,1/11/2025,2025-11-01,2025-11-09 09:45:38.764744,2025-11-01
CUS_0x614f_2025_01_01,CUS_0x614f,1/1/2025,10,10,10000,1000,0,7000,7000,1/11/2025,2025-11-01,2025-11-09 09:45:38.764744,2025-11-01
CUS_0x61a7_2025_01_01,CUS_0x61a7,1/1/2025,10,10,10000,1000,0,7000,7000,1/11/2025,2025-11-01,2025-11-09 09:45:38.764744,2025-11-01
CUS_0x6211_2025_01_01,CUS_0x6211,1/1/2025,10,10,10000,1000,0,9000,9000,1/11/2025,2025-11-01,2025-11-09 09:45:38.764744,2025-11-01
CUS_0x6244_2025_01_01,CUS_0x6244,1/1/2025,10,10,10000,1000,0,6000,6000,1/11/2025,2025-11-01,2025-11-09 09:45:38.764744,2025-11-01
CUS_0x62cd_2025_01_01,CUS_0x62cd,1/1/2025,10,10,10000,1000,1000,0,0,1/11/2025,2025-11-01,2025-11-09 09:45:38.764744,2025-11-01
CUS_0x63b1_2025_01_01,CUS_0x63b1,1/1/2025,10,10,10000,1000,1000,0,0,1/11/2025,2025-11-01,2025-11-09 09:45:38.764744,2025-11-01
CUS_0x63c_2025_01_01,CUS_0x63c,1/1/2025,10,10,10000,1000,0,8000,8000,1/11/2025,2025-11-01,2025-11-09 09:45:38.764744,2025-11-01
CUS_0x647e_2025_01_01,CUS_0x647e,1/1/2025,10,10,10000,1000,1000,0,0,1/11/2025,2025-11-01,2025-11-09 09:45:38.764744,2025-11-01
CUS_0x648a_2025_01_01,CUS_0x648a,1/1/2025,10,10,10000,1000,0,8000,8000,1/11/2025,2025-11-01,2025-11-09 09:45:38.764744,2025-11-01
CUS_0x6492_2025_01_01,CUS_0x6492,1/1/2025,10,10,10000,1000,1000,0,0,1/11/2025,2025-11-01,2025-11-09 09:45:38.764744,2025-11-01
CUS_0x6504_2025_01_01,CUS_0x6504,1/1/2025,10,10,10000,1000,0,8000,8000,1/11/2025,2025-11-01,2025-11-09 09:45:38.764744,2025-11-01
CUS_0x65c0_2025_01_01,CUS_0x65c0,1/1/2025,10,10,10000,1000,1000,0,0,1/11/2025,2025-11-01,2025-11-09 09:45:38.764744,2025-11-01
CUS_0x65fe_2025_01_01,CUS_0x65fe,1/1/2025,10,10,10000,1000,0,6000,6000,1/11/2025,2025-11-01,2025-11-09 09:45:38.764744,2025-11-01
CUS_0x6603_2025_01_01,CUS_0x6603,1/1/2025,10,10,10000,1000,1000,0,0,1/11/2025,2025-11-01,2025-11-09 09:45:38.764744,2025-11-01
CUS_0x665a_2025_01_01,CUS_0x665a,1/1/2025,10,10,10000,1000,1000,0,0,1/11/2025,2025-11-01,2025-11-09 09:45:38.764744,2025-11-01
CUS_0x6689_2025_01_01,CUS_0x6689,1/1/2025,10,10,10000,1000,1000,0,0,1/11/2025,2025-11-01,2025-11-09 09:45:38.764744,2025-11-01
CUS_0x66c4_2025_01_01,CUS_0x66c4,1/1/2025,10,10,10000,1000,1000,0,0,1/11/2025,2025-11-01,2025-11-09 09:45:38.764744,2025-11-01
CUS_0x66eb_2025_01_01,CUS_0x66eb,1/1/2025,10,10,10000,1000,1000,0,0,1/11/2025,2025-11-01,2025-11-09 09:45:38.764744,2025-11-01
CUS_0x6821_2025_01_01,CUS_0x6821,1/1/2025,10,10,10000,1000,0,7000,7000,1/11/2025,2025-11-01,2025-11-09 09:45:38.764744,2025-11-01
CUS_0x6827_2025_01_01,CUS_0x6827,1/1/2025,10,10,10000,1000,0,8000,8000,1/11/2025,2025-11-01,2025-11-09 09:45:38.764744,2025-11-01
CUS_0x682f_2025_01_01,CUS_0x682f,1/1/2025,10,10,10000,1000,1000,0,0,1/11/2025,2025-11-01,2025-11-09 09:45:38.764744,2025-11-01
CUS_0x6891_2025_01_01,CUS_0x6891,1/1/2025,10,10,10000,1000,0,6000,6000,1/11/2025,2025-11-01,2025-11-09 09:45:38.764744,2025-11-01
CUS_0x6895_2025_01_01,CUS_0x6895,1/1/2025,10,10,10000,1000,0,7000,7000,1/11/2025,2025-11-01,2025-11-09 09:45:38.764744,2025-11-01
CUS_0x68af_2025_01_01,CUS_0x68af,1/1/2025,10,10,10000,1000,1000,0,0,1/11/2025,2025-11-01,2025-11-09 09:45:38.764744,2025-11-01
CUS_0x68f6_2025_01_01,CUS_0x68f6,1/1/2025,10,10,10000,1000,0,7000,7000,1/11/2025,2025-11-01,2025-11-09 09:45:38.764744,2025-11-01
CUS_0x692c_2025_01_01,CUS_0x692c,1/1/2025,10,10,10000,1000,1000,0,0,1/11/2025,2025-11-01,2025-11-09 09:45:38.764744,2025-11-01
CUS_0x6997_2025_01_01,CUS_0x6997,1/1/2025,10,10,10000,1000,1000,0,0,1/11/2025,2025-11-01,2025-11-09 09:45:38.764744,2025-11-01
CUS_0x6a0b_2025_01_01,CUS_0x6a0b,1/1/2025,10,10,10000,1000,0,7000,7000,1/11/2025,2025-11-01,2025-11-09 09:45:38.764744,2025-11-01
CUS_0x6a27_2025_01_01,CUS_0x6a27,1/1/2025,10,10,10000,1000,1000,0,0,1/11/2025,2025-11-01,2025-11-09 09:45:38.764744,2025-11-01
CUS_0x6ae4_2025_01_01,CUS_0x6ae4,1/1/2025,10,10,10000,1000,1000,0,0,1/11/2025,2025-11-01,2025-11-09 09:45:38.764744,2025-11-01
CUS_0x6b3a_2025_01_01,CUS_0x6b3a,1/1/2025,10,10,10000,1000,1000,0,0,1/11/2025,2025-11-01,2025-11-09 09:45:38.764744,2025-11-01
CUS_0x6b61_2025_01_01,CUS_0x6b61,1/1/2025,10,10,10000,1000,1000,0,0,1/11/2025,2025-11-01,2025-11-09 09:45:38.764744,2025-11-01
CUS_0x6bbd_2025_01_01,CUS_0x6bbd,1/1/2025,10,10,10000,1000,1000,0,0,1/11/2025,2025-11-01,2025-11-09 09:45:38.764744,2025-11-01
CUS_0x6bcf_2025_01_01,CUS_0x6bcf,1/1/2025,10,10,10000,1000,1000,0,0,1/11/2025,2025-11-01,2025-11-09 09:45:38.764744,2025-11-01
CUS_0x6bd_2025_01_01,CUS_0x6bd,1/1/2025,10,10,10000,1000,1000,0,0,1/11/2025,2025-11-01,2025-11-09 09:45:38.764744,2025-11-01
CUS_0x6bda_2025_01_01,CUS_0x6bda,1/1/2025,10,10,10000,1000,1000,0,0,1/11/2025,2025-11-01,2025-11-09 09:45:38.764744,2025-11-01
CUS_0x6c9b_2025_01_01,CUS_0x6c9b,1/1/2025,10,10,10000,1000,1000,0,0,1/11/2025,2025-11-01,2025-11-09 09:45:38.764744,2025-11-01
CUS_0x6e6a_2025_01_01,CUS_0x6e6a,1/1/2025,10,10,10000,1000,0,8000,8000,1/11/2025,2025-11-01,2025-11-09 09:45:38.764744,2025-11-01
CUS_0x6e6f_2025_01_01,CUS_0x6e6f,1/1/2025,10,10,10000,1000,1000,0,0,1/11/2025,2025-11-01,2025-11-09 09:45:38.764744,2025-11-01
CUS_0x6eb2_2025_01_01,CUS_0x6eb2,1/1/2025,10,10,10000,1000,1000,0,0,1/11/2025,2025-11-01,2025-11-09 09:45:38.764744,2025-11-01
CUS_0x6f0_2025_01_01,CUS_0x6f0,1/1/2025,10,10,10000,1000,1000,0,0,1/11/2025,2025-11-01,2025-11-09 09:45:38.764744,2025-11-01
CUS_0x6f2d_2025_01_01,CUS_0x6f2d,1/1/2025,10,10,10000,1000,0,6000,6000,1/11/2025,2025-11-01,2025-11-09 09:45:38.764744,2025-11-01
CUS_0x6f3b_2025_01_01,CUS_0x6f3b,1/1/2025,10,10,10000,1000,1000,0,0,1/11/2025,2025-11-01,2025-11-09 09:45:38.764744,2025-11-01
CUS_0x6f81_2025_01_01,CUS_0x6f81,1/1/2025,10,10,10000,1000,1000,0,0,1/11/2025,2025-11-01,2025-11-09 09:45:38.764744,2025-11-01
CUS_0x7058_2025_01_01,CUS_0x7058,1/1/2025,10,10,10000,1000,0,7000,7000,1/11/2025,2025-11-01,2025-11-09 09:45:38.764744,2025-11-01
CUS_0x708f_2025_01_01,CUS_0x708f,1/1/2025,10,10,10000,1000,0,7000,7000,1/11/2025,2025-11-01,2025-11-09 09:45:38.764744,2025-11-01
CUS_0x709a_2025_01_01,CUS_0x709a,1/1/2025,10,10,10000,1000,1000,0,0,1/11/2025,2025-11-01,2025-11-09 09:45:38.764744,2025-11-01
CUS_0x71f1_2025_01_01,CUS_0x71f1,1/1/2025,10,10,10000,1000,1000,0,0,1/11/2025,2025-11-01,2025-11-09 09:45:38.764744,2025-11-01
CUS_0x72e3_2025_01_01,CUS_0x72e3,1/1/2025,10,10,10000,1000,1000,0,0,1/11/2025,2025-11-01,2025-11-09 09:45:38.764744,2025-11-01
CUS_0x7327_2025_01_01,CUS_0x7327,1/1/2025,10,10,10000,1000,1000,0,0,1/11/2025,2025-11-01,2025-11-09 09:45:38.764744,2025-11-01
CUS_0x74c9_2025_01_01,CUS_0x74c9,1/1/2025,10,10,10000,1000,0,8000,8000,1/11/2025,2025-11-01,2025-11-09 09:45:38.764744,2025-11-01
CUS_0x751b_2025_01_01,CUS_0x751b,1/1/2025,10,10,10000,1000,1000,0,0,1/11/2025,2025-11-01,2025-11-09 09:45:38.764744,2025-11-01
CUS_0x7561_2025_01_01,CUS_0x7561,1/1/2025,10,10,10000,1000,1000,0,0,1/11/2025,2025-11-01,2025-11-09 09:45:38.764744,2025-11-01
CUS_0x756a_2025_01_01,CUS_0x756a,1/1/2025,10,10,10000,1000,0,6000,6000,1/11/2025,2025-11-01,2025-11-09 09:45:38.764744,2025-11-01
CUS_0x757_2025_01_01,CUS_0x757,1/1/2025,10,10,10000,1000,1000,0,0,1/11/2025,2025-11-01,2025-11-09 09:45:38.764744,2025-11-01
CUS_0x7586_2025_01_01,CUS_0x7586,1/1/2025,10,10,10000,1000,1000,0,0,1/11/2025,2025-11-01,2025-11-09 09:45:38.764744,2025-11-01
CUS_0x765_2025_01_01,CUS_0x765,1/1/2025,10,10,10000,1000,1000,0,0,1/11/2025,2025-11-01,2025-11-09 09:45:38.764744,2025-11-01
CUS_0x770a_2025_01_01,CUS_0x770a,1/1/2025,10,10,10000,1000,0,8000,8000,1/11/2025,2025-11-01,2025-11-09 09:45:38.764744,2025-11-01
CUS_0x7741_2025_01_01,CUS_0x7741,1/1/2025,10,10,10000,1000,0,6000,6000,1/11/2025,2025-11-01,2025-11-09 09:45:38.764744,2025-11-01
CUS_0x7789_2025_01_01,CUS_0x7789,1/1/2025,10,10,10000,1000,1000,0,0,1/11/2025,2025-11-01,2025-11-09 09:45:38.764744,2025-11-01
CUS_0x77b6_2025_01_01,CUS_0x77b6,1/1/2025,10,10,10000,1000,1000,0,0,1/11/2025,2025-11-01,2025-11-09 09:45:38.764744,2025-11-01
CUS_0x7813_2025_01_01,CUS_0x7813,1/1/2025,10,10,10000,1000,1000,0,0,1/11/2025,2025-11-01,2025-11-09 09:45:38.764744,2025-11-01
CUS_0x78a2_2025_01_01,CUS_0x78a2,1/1/2025,10,10,10000,1000,0,9000,9000,1/11/2025,2025-11-01,2025-11-09 09:45:38.764744,2025-11-01
CUS_0x796a_2025_01_01,CUS_0x796a,1/1/2025,10,10,10000,1000,1000,0,0,1/11/2025,2025-11-01,2025-11-09 09:45:38.764744,2025-11-01
CUS_0x799b_2025_01_01,CUS_0x799b,1/1/2025,10,10,10000,1000,1000,0,0,1/11/2025,2025-11-01,2025-11-09 09:45:38.764744,2025-11-01
CUS_0x7a46_2025_01_01,CUS_0x7a46,1/1/2025,10,10,10000,1000,0,9000,9000,1/11/2025,2025-11-01,2025-11-09 09:45:38.764744,2025-11-01
CUS_0x7a76_2025_01_01,CUS_0x7a76,1/1/2025,10,10,10000,1000,1000,0,0,1/11/2025,2025-11-01,2025-11-09 09:45:38.764744,2025-11-01
CUS_0x7aad_2025_01_01,CUS_0x7aad,1/1/2025,10,10,10000,1000,1000,0,0,1/11/2025,2025-11-01,2025-11-09 09:45:38.764744,2025-11-01
CUS_0x7ae1_2025_01_01,CUS_0x7ae1,1/1/2025,10,10,10000,1000,1000,0,0,1/11/2025,2025-11-01,2025-11-09 09:45:38.764744,2025-11-01
CUS_0x7af7_2025_01_01,CUS_0x7af7,1/1/2025,10,10,10000,1000,1000,0,0,1/11/2025,2025-11-01,2025-11-09 09:45:38.764744,2025-11-01
CUS_0x7b4b_2025_01_01,CUS_0x7b4b,1/1/2025,10,10,10000,1000,1000,0,0,1/11/2025,2025-11-01,2025-11-09 09:45:38.764744,2025-11-01
CUS_0x7bb_2025_01_01,CUS_0x7bb,1/1/2025,10,10,10000,1000,1000,0,0,1/11/2025,2025-11-01,2025-11-09 09:45:38.764744,2025-11-01
CUS_0x7c34_2025_01_01,CUS_0x7c34,1/1/2025,10,10,10000,1000,1000,0,0,1/11/2025,2025-11-01,2025-11-09 09:45:38.764744,2025-11-01
CUS_0x7c8d_2025_01_01,CUS_0x7c8d,1/1/2025,10,10,10000,1000,0,8000,8000,1/11/2025,2025-11-01,2025-11-09 09:45:38.764744,2025-11-01
CUS_0x7cc4_2025_01_01,CUS_0x7cc4,1/1/2025,10,10,10000,1000,1000,0,0,1/11/2025,2025-11-01,2025-11-09 09:45:38.764744,2025-11-01
CUS_0x7cd3_2025_01_01,CUS_0x7cd3,1/1/2025,10,10,10000,1000,1000,0,0,1/11/2025,2025-11-01,2025-11-09 09:45:38.764744,2025-11-01
CUS_0x7cdc_2025_01_01,CUS_0x7cdc,1/1/2025,10,10,10000,1000,1000,0,0,1/11/2025,2025-11-01,2025-11-09 09:45:38.764744,2025-11-01
CUS_0x7d83_2025_01_01,CUS_0x7d83,1/1/2025,10,10,10000,1000,0,9000,9000,1/11/2025,2025-11-01,2025-11-09 09:45:38.764744,2025-11-01
CUS_0x7e18_2025_01_01,CUS_0x7e18,1/1/2025,10,10,10000,1000,0,6000,6000,1/11/2025,2025-11-01,2025-11-09 09:45:38.764744,2025-11-01
CUS_0x7e50_2025_01_01,CUS_0x7e50,1/1/2025,10,10,10000,1000,1000,0,0,1/11/2025,2025-11-01,2025-11-09 09:45:38.764744,2025-11-01
CUS_0x7e76_2025_01_01,CUS_0x7e76,1/1/2025,10,10,10000,1000,1000,0,0,1/11/2025,2025-11-01,2025-11-09 09:45:38.764744,2025-11-01
CUS_0x7e7f_2025_01_01,CUS_0x7e7f,1/1/2025,10,10,10000,1000,1000,0,0,1/11/2025,2025-11-01,2025-11-09 09:45:38.764744,2025-11-01
CUS_0x7f2a_2025_01_01,CUS_0x7f2a,1/1/2025,10,10,10000,1000,1000,0,0,1/11/2025,2025-11-01,2025-11-09 09:45:38.764744,2025-11-01
CUS_0x7f67_2025_01_01,CUS_0x7f67,1/1/2025,10,10,10000,1000,1000,0,0,1/11/2025,2025-11-01,2025-11-09 09:45:38.764744,2025-11-01
CUS_0x7f86_2025_01_01,CUS_0x7f86,1/1/2025,10,10,10000,1000,1000,0,0,1/11/2025,2025-11-01,2025-11-09 09:45:38.764744,2025-11-01
CUS_0x7fd8_2025_01_01,CUS_0x7fd8,1/1/2025,10,10,10000,1000,1000,0,0,1/11/2025,2025-11-01,2025-11-09 09:45:38.764744,2025-11-01
CUS_0x7fd9_2025_01_01,CUS_0x7fd9,1/1/2025,10,10,10000,1000,1000,0,0,1/11/2025,2025-11-01,2025-11-09 09:45:38.764744,2025-11-01
CUS_0x801_2025_01_01,CUS_0x801,1/1/2025,10,10,10000,1000,0,9000,9000,1/11/2025,2025-11-01,2025-11-09 09:45:38.764744,2025-11-01
CUS_0x802f_2025_01_01,CUS_0x802f,1/1/2025,10,10,10000,1000,0,7000,7000,1/11/2025,2025-11-01,2025-11-09 09:45:38.764744,2025-11-01
CUS_0x804e_2025_01_01,CUS_0x804e,1/1/2025,10,10,10000,1000,1000,0,0,1/11/2025,2025-11-01,2025-11-09 09:45:38.764744,2025-11-01
CUS_0x8091_2025_01_01,CUS_0x8091,1/1/2025,10,10,10000,1000,0,8000,8000,1/11/2025,2025-11-01,2025-11-09 09:45:38.764744,2025-11-01
CUS_0x80ae_2025_01_01,CUS_0x80ae,1/1/2025,10,10,10000,1000,1000,0,0,1/11/2025,2025-11-01,2025-11-09 09:45:38.764744,2025-11-01
CUS_0x8140_2025_01_01,CUS_0x8140,1/1/2025,10,10,10000,1000,0,8000,8000,1/11/2025,2025-11-01,2025-11-09 09:45:38.764744,2025-11-01
CUS_0x8162_2025_01_01,CUS_0x8162,1/1/2025,10,10,10000,1000,1000,0,0,1/11/2025,2025-11-01,2025-11-09 09:45:38.764744,2025-11-01
CUS_0x8261_2025_01_01,CUS_0x8261,1/1/2025,10,10,10000,1000,1000,0,0,1/11/2025,2025-11-01,2025-11-09 09:45:38.764744,2025-11-01
CUS_0x8343_2025_01_01,CUS_0x8343,1/1/2025,10,10,10000,1000,1000,0,0,1/11/2025,2025-11-01,2025-11-09 09:45:38.764744,2025-11-01
CUS_0x851c_2025_01_01,CUS_0x851c,1/1/2025,10,10,10000,1000,1000,0,0,1/11/2025,2025-11-01,2025-11-09 09:45:38.764744,2025-11-01
CUS_0x85d3_2025_01_01,CUS_0x85d3,1/1/2025,10,10,10000,1000,1000,0,0,1/11/2025,2025-11-01,2025-11-09 09:45:38.764744,2025-11-01
CUS_0x871_2025_01_01,CUS_0x871,1/1/2025,10,10,10000,1000,1000,0,0,1/11/2025,2025-11-01,2025-11-09 09:45:38.764744,2025-11-01
CUS_0x871c_2025_01_01,CUS_0x871c,1/1/2025,10,10,10000,1000,1000,0,0,1/11/2025,2025-11-01,2025-11-09 09:45:38.764744,2025-11-01
CUS_0x872f_2025_01_01,CUS_0x872f,1/1/2025,10,10,10000,1000,1000,0,0,1/11/2025,2025-11-01,2025-11-09 09:45:38.764744,2025-11-01
CUS_0x8743_2025_01_01,CUS_0x8743,1/1/2025,10,10,10000,1000,1000,0,0,1/11/2025,2025-11-01,2025-11-09 09:45:38.764744,2025-11-01
CUS_0x8750_2025_01_01,CUS_0x8750,1/1/2025,10,10,10000,1000,1000,0,0,1/11/2025,2025-11-01,2025-11-09 09:45:38.764744,2025-11-01
CUS_0x87d4_2025_01_01,CUS_0x87d4,1/1/2025,10,10,10000,1000,1000,0,0,1/11/2025,2025-11-01,2025-11-09 09:45:38.764744,2025-11-01
CUS_0x880_2025_01_01,CUS_0x880,1/1/2025,10,10,10000,1000,0,8000,8000,1/11/2025,2025-11-01,2025-11-09 09:45:38.764744,2025-11-01
CUS_0x8831_2025_01_01,CUS_0x8831,1/1/2025,10,10,10000,1000,1000,0,0,1/11/2025,2025-11-01,2025-11-09 09:45:38.764744,2025-11-01
CUS_0x8837_2025_01_01,CUS_0x8837,1/1/2025,10,10,10000,1000,1000,0,0,1/11/2025,2025-11-01,2025-11-09 09:45:38.764744,2025-11-01
CUS_0x8873_2025_01_01,CUS_0x8873,1/1/2025,10,10,10000,1000,1000,0,0,1/11/2025,2025-11-01,2025-11-09 09:45:38.764744,2025-11-01
CUS_0x88cb_2025_01_01,CUS_0x88cb,1/1/2025,10,10,10000,1000,0,8000,8000,1/11/2025,2025-11-01,2025-11-09 09:45:38.764744,2025-11-01
CUS_0x894f_2025_01_01,CUS_0x894f,1/1/2025,10,10,10000,1000,0,8000,8000,1/11/2025,2025-11-01,2025-11-09 09:45:38.764744,2025-11-01
CUS_0x8a3_2025_01_01,CUS_0x8a3,1/1/2025,10,10,10000,1000,1000,0,0,1/11/2025,2025-11-01,2025-11-09 09:45:38.764744,2025-11-01
CUS_0x8aee_2025_01_01,CUS_0x8aee,1/1/2025,10,10,10000,1000,1000,0,0,1/11/2025,2025-11-01,2025-11-09 09:45:38.764744,2025-11-01
CUS_0x8b18_2025_01_01,CUS_0x8b18,1/1/2025,10,10,10000,1000,0,8000,8000,1/11/2025,2025-11-01,2025-11-09 09:45:38.764744,2025-11-01
CUS_0x8b38_2025_01_01,CUS_0x8b38,1/1/2025,10,10,10000,1000,1000,0,0,1/11/2025,2025-11-01,2025-11-09 09:45:38.764744,2025-11-01
CUS_0x8b98_2025_01_01,CUS_0x8b98,1/1/2025,10,10,10000,1000,1000,0,0,1/11/2025,2025-11-01,2025-11-09 09:45:38.764744,2025-11-01
CUS_0x8c39_2025_01_01,CUS_0x8c39,1/1/2025,10,10,10000,1000,0,8000,8000,1/11/2025,2025-11-01,2025-11-09 09:45:38.764744,2025-11-01
CUS_0x8d3_2025_01_01,CUS_0x8d3,1/1/2025,10,10,10000,1000,1000,0,0,1/11/2025,2025-11-01,2025-11-09 09:45:38.764744,2025-11-01
CUS_0x8d69_2025_01_01,CUS_0x8d69,1/1/2025,10,10,10000,1000,1000,0,0,1/11/2025,2025-11-01,2025-11-09 09:45:38.764744,2025-11-01
CUS_0x8d72_2025_01_01,CUS_0x8d72,1/1/2025,10,10,10000,1000,1000,0,0,1/11/2025,2025-11-01,2025-11-09 09:45:38.764744,2025-11-01
CUS_0x8d9d_2025_01_01,CUS_0x8d9d,1/1/2025,10,10,10000,1000,1000,0,0,1/11/2025,2025-11-01,2025-11-09 09:45:38.764744,2025-11-01
CUS_0x8e01_2025_01_01,CUS_0x8e01,1/1/2025,10,10,10000,1000,1000,0,0,1/11/2025,2025-11-01,2025-11-09 09:45:38.764744,2025-11-01
CUS_0x8e89_2025_01_01,CUS_0x8e89,1/1/2025,10,10,10000,1000,1000,0,0,1/11/2025,2025-11-01,2025-11-09 09:45:38.764744,2025-11-01
CUS_0x8eac_2025_01_01,CUS_0x8eac,1/1/2025,10,10,10000,1000,0,6000,6000,1/11/2025,2025-11-01,2025-11-09 09:45:38.764744,2025-11-01
CUS_0x8ee2_2025_01_01,CUS_0x8ee2,1/1/2025,10,10,10000,1000,1000,0,0,1/11/2025,2025-11-01,2025-11-09 09:45:38.764744,2025-11-01
CUS_0x8f3_2025_01_01,CUS_0x8f3,1/1/2025,10,10,10000,1000,1000,0,0,1/11/2025,2025-11-01,2025-11-09 09:45:38.764744,2025-11-01
CUS_0x8f35_2025_01_01,CUS_0x8f35,1/1/2025,10,10,10000,1000,1000,0,0,1/11/2025,2025-11-01,2025-11-09 09:45:38.764744,2025-11-01
CUS_0x8f58_2025_01_01,CUS_0x8f58,1/1/2025,10,10,10000,1000,1000,0,0,1/11/2025,2025-11-01,2025-11-09 09:45:38.764744,2025-11-01
CUS_0x8f69_2025_01_01,CUS_0x8f69,1/1/2025,10,10,10000,1000,0,9000,9000,1/11/2025,2025-11-01,2025-11-09 09:45:38.764744,2025-11-01
CUS_0x906c_2025_01_01,CUS_0x906c,1/1/2025,10,10,10000,1000,1000,0,0,1/11/2025,2025-11-01,2025-11-09 09:45:38.764744,2025-11-01
CUS_0x9070_2025_01_01,CUS_0x9070,1/1/2025,10,10,10000,1000,1000,0,0,1/11/2025,2025-11-01,2025-11-09 09:45:38.764744,2025-11-01
CUS_0x9103_2025_01_01,CUS_0x9103,1/1/2025,10,10,10000,1000,1000,0,0,1/11/2025,2025-11-01,2025-11-09 09:45:38.764744,2025-11-01
CUS_0x911e_2025_01_01,CUS_0x911e,1/1/2025,10,10,10000,1000,1000,0,0,1/11/2025,2025-11-01,2025-11-09 09:45:38.764744,2025-11-01
CUS_0x9148_2025_01_01,CUS_0x9148,1/1/2025,10,10,10000,1000,1000,0,0,1/11/2025,2025-11-01,2025-11-09 09:45:38.764744,2025-11-01
CUS_0x91b2_2025_01_01,CUS_0x91b2,1/1/2025,10,10,10000,1000,1000,0,0,1/11/2025,2025-11-01,2025-11-09 09:45:38.764744,2025-11-01
CUS_0x925_2025_01_01,CUS_0x925,1/1/2025,10,10,10000,1000,1000,0,0,1/11/2025,2025-11-01,2025-11-09 09:45:38.764744,2025-11-01
CUS_0x92c8_2025_01_01,CUS_0x92c8,1/1/2025,10,10,10000,1000,1000,0,0,1/11/2025,2025-11-01,2025-11-09 09:45:38.764744,2025-11-01
CUS_0x93a5_2025_01_01,CUS_0x93a5,1/1/2025,10,10,10000,1000,1000,0,0,1/11/2025,2025-11-01,2025-11-09 09:45:38.764744,2025-11-01
CUS_0x93a7_2025_01_01,CUS_0x93a7,1/1/2025,10,10,10000,1000,1000,0,0,1/11/2025,2025-11-01,2025-11-09 09:45:38.764744,2025-11-01
CUS_0x93f_2025_01_01,CUS_0x93f,1/1/2025,10,10,10000,1000,1000,0,0,1/11/2025,2025-11-01,2025-11-09 09:45:38.764744,2025-11-01
CUS_0x9416_2025_01_01,CUS_0x9416,1/1/2025,10,10,10000,1000,0,7000,7000,1/11/2025,2025-11-01,2025-11-09 09:45:38.764744,2025-11-01
CUS_0x949f_2025_01_01,CUS_0x949f,1/1/2025,10,10,10000,1000,0,8000,8000,1/11/2025,2025-11-01,2025-11-09 09:45:38.764744,2025-11-01
CUS_0x94ea_2025_01_01,CUS_0x94ea,1/1/2025,10,10,10000,1000,0,6000,6000,1/11/2025,2025-11-01,2025-11-09 09:45:38.764744,2025-11-01
CUS_0x9513_2025_01_01,CUS_0x9513,1/1/2025,10,10,10000,1000,1000,0,0,1/11/2025,2025-11-01,2025-11-09 09:45:38.764744,2025-11-01
CUS_0x95ca_2025_01_01,CUS_0x95ca,1/1/2025,10,10,10000,1000,1000,0,0,1/11/2025,2025-11-01,2025-11-09 09:45:38.764744,2025-11-01
CUS_0x9616_2025_01_01,CUS_0x9616,1/1/2025,10,10,10000,1000,1000,0,0,1/11/2025,2025-11-01,2025-11-09 09:45:38.764744,2025-11-01
CUS_0x961e_2025_01_01,CUS_0x961e,1/1/2025,10,10,10000,1000,1000,0,0,1/11/2025,2025-11-01,2025-11-09 09:45:38.764744,2025-11-01
CUS_0x966b_2025_01_01,CUS_0x966b,1/1/2025,10,10,10000,1000,1000,0,0,1/11/2025,2025-11-01,2025-11-09 09:45:38.764744,2025-11-01
CUS_0x976a_2025_01_01,CUS_0x976a,1/1/2025,10,10,10000,1000,1000,0,0,1/11/2025,2025-11-01,2025-11-09 09:45:38.764744,2025-11-01
CUS_0x99cc_2025_01_01,CUS_0x99cc,1/1/2025,10,10,10000,1000,1000,0,0,1/11/2025,2025-11-01,2025-11-09 09:45:38.764744,2025-11-01
CUS_0x9a14_2025_01_01,CUS_0x9a14,1/1/2025,10,10,10000,1000,0,7000,7000,1/11/2025,2025-11-01,2025-11-09 09:45:38.764744,2025-11-01
CUS_0x9ab4_2025_01_01,CUS_0x9ab4,1/1/2025,10,10,10000,1000,1000,0,0,1/11/2025,2025-11-01,2025-11-09 09:45:38.764744,2025-11-01
CUS_0x9acb_2025_01_01,CUS_0x9acb,1/1/2025,10,10,10000,1000,1000,0,0,1/11/2025,2025-11-01,2025-11-09 09:45:38.764744,2025-11-01
CUS_0x9c24_2025_01_01,CUS_0x9c24,1/1/2025,10,10,10000,1000,1000,0,0,1/11/2025,2025-11-01,2025-11-09 09:45:38.764744,2025-11-01
CUS_0x9d0d_2025_01_01,CUS_0x9d0d,1/1/2025,10,10,10000,1000,1000,0,0,1/11/2025,2025-11-01,2025-11-09 09:45:38.764744,2025-11-01
CUS_0x9d64_2025_01_01,CUS_0x9d64,1/1/2025,10,10,10000,1000,1000,0,0,1/11/2025,2025-11-01,2025-11-09 09:45:38.764744,2025-11-01
CUS_0x9e45_2025_01_01,CUS_0x9e45,1/1/2025,10,10,10000,1000,1000,0,0,1/11/2025,2025-11-01,2025-11-09 09:45:38.764744,2025-11-01
CUS_0x9e4d_2025_01_01,CUS_0x9e4d,1/1/2025,10,10,10000,1000,1000,0,0,1/11/2025,2025-11-01,2025-11-09 09:45:38.764744,2025-11-01
CUS_0x9ed5_2025_01_01,CUS_0x9ed5,1/1/2025,10,10,10000,1000,0,9000,9000,1/11/2025,2025-11-01,2025-11-09 09:45:38.764744,2025-11-01
CUS_0x9f08_2025_01_01,CUS_0x9f08,1/1/2025,10,10,10000,1000,1000,0,0,1/11/2025,2025-11-01,2025-11-09 09:45:38.764744,2025-11-01
CUS_0x9f20_2025_01_01,CUS_0x9f20,1/1/2025,10,10,10000,1000,1000,0,0,1/11/2025,2025-11-01,2025-11-09 09:45:38.764744,2025-11-01
CUS_0x9f67_2025_01_01,CUS_0x9f67,1/1/2025,10,10,10000,1000,1000,0,0,1/11/2025,2025-11-01,2025-11-09 09:45:38.764744,2025-11-01
CUS_0x9f6c_2025_01_01,CUS_0x9f6c,1/1/2025,10,10,10000,1000,0,8000,8000,1/11/2025,2025-11-01,2025-11-09 09:45:38.764744,2025-11-01
CUS_0xa01_2025_01_01,CUS_0xa01,1/1/2025,10,10,10000,1000,1000,0,0,1/11/2025,2025-11-01,2025-11-09 09:45:38.764744,2025-11-01
CUS_0xa03e_2025_01_01,CUS_0xa03e,1/1/2025,10,10,10000,1000,0,8000,8000,1/11/2025,2025-11-01,2025-11-09 09:45:38.764744,2025-11-01
CUS_0xa05_2025_01_01,CUS_0xa05,1/1/2025,10,10,10000,1000,1000,0,0,1/11/2025,2025-11-01,2025-11-09 09:45:38.764744,2025-11-01
CUS_0xa110_2025_01_01,CUS_0xa110,1/1/2025,10,10,10000,1000,1000,0,0,1/11/2025,2025-11-01,2025-11-09 09:45:38.764744,2025-11-01
CUS_0xa122_2025_01_01,CUS_0xa122,1/1/2025,10,10,10000,1000,1000,0,0,1/11/2025,2025-11-01,2025-11-09 09:45:38.764744,2025-11-01
CUS_0xa1f6_2025_01_01,CUS_0xa1f6,1/1/2025,10,10,10000,1000,1000,0,0,1/11/2025,2025-11-01,2025-11-09 09:45:38.764744,2025-11-01
CUS_0xa20f_2025_01_01,CUS_0xa20f,1/1/2025,10,10,10000,1000,1000,0,0,1/11/2025,2025-11-01,2025-11-09 09:45:38.764744,2025-11-01
CUS_0xa234_2025_01_01,CUS_0xa234,1/1/2025,10,10,10000,1000,1000,0,0,1/11/2025,2025-11-01,2025-11-09 09:45:38.764744,2025-11-01
CUS_0xa26b_2025_01_01,CUS_0xa26b,1/1/2025,10,10,10000,1000,0,7000,7000,1/11/2025,2025-11-01,2025-11-09 09:45:38.764744,2025-11-01
CUS_0xa283_2025_01_01,CUS_0xa283,1/1/2025,10,10,10000,1000,1000,0,0,1/11/2025,2025-11-01,2025-11-09 09:45:38.764744,2025-11-01
CUS_0xa295_2025_01_01,CUS_0xa295,1/1/2025,10,10,10000,1000,1000,0,0,1/11/2025,2025-11-01,2025-11-09 09:45:38.764744,2025-11-01
CUS_0xa2b0_2025_01_01,CUS_0xa2b0,1/1/2025,10,10,10000,1000,1000,0,0,1/11/2025,2025-11-01,2025-11-09 09:45:38.764744,2025-11-01
CUS_0xa2c1_2025_01_01,CUS_0xa2c1,1/1/2025,10,10,10000,1000,1000,0,0,1/11/2025,2025-11-01,2025-11-09 09:45:38.764744,2025-11-01
CUS_0xa2f7_2025_01_01,CUS_0xa2f7,1/1/2025,10,10,10000,1000,0,6000,6000,1/11/2025,2025-11-01,2025-11-09 09:45:38.764744,2025-11-01
CUS_0xa2f9_2025_01_01,CUS_0xa2f9,1/1/2025,10,10,10000,1000,1000,0,0,1/11/2025,2025-11-01,2025-11-09 09:45:38.764744,2025-11-01
CUS_0xa3fa_2025_01_01,CUS_0xa3fa,1/1/2025,10,10,10000,1000,1000,0,0,1/11/2025,2025-11-01,2025-11-09 09:45:38.764744,2025-11-01
CUS_0xa407_2025_01_01,CUS_0xa407,1/1/2025,10,10,10000,1000,1000,0,0,1/11/2025,2025-11-01,2025-11-09 09:45:38.764744,2025-11-01
CUS_0xa40e_2025_01_01,CUS_0xa40e,1/1/2025,10,10,10000,1000,1000,0,0,1/11/2025,2025-11-01,2025-11-09 09:45:38.764744,2025-11-01
CUS_0xa420_2025_01_01,CUS_0xa420,1/1/2025,10,10,10000,1000,1000,0,0,1/11/2025,2025-11-01,2025-11-09 09:45:38.764744,2025-11-01
CUS_0xa46c_2025_01_01,CUS_0xa46c,1/1/2025,10,10,10000,1000,1000,0,0,1/11/2025,2025-11-01,2025-11-09 09:45:38.764744,2025-11-01
CUS_0xa46e_2025_01_01,CUS_0xa46e,1/1/2025,10,10,10000,1000,0,8000,8000,1/11/2025,2025-11-01,2025-11-09 09:45:38.764744,2025-11-01
CUS_0xa47e_2025_01_01,CUS_0xa47e,1/1/2025,10,10,10000,1000,0,6000,6000,1/11/2025,2025-11-01,2025-11-09 09:45:38.764744,2025-11-01
CUS_0xa495_2025_01_01,CUS_0xa495,1/1/2025,10,10,10000,1000,1000,0,0,1/11/2025,2025-11-01,2025-11-09 09:45:38.764744,2025-11-01
CUS_0xa4ee_2025_01_01,CUS_0xa4ee,1/1/2025,10,10,10000,1000,0,6000,6000,1/11/2025,2025-11-01,2025-11-09 09:45:38.764744,2025-11-01
CUS_0xa57_2025_01_01,CUS_0xa57,1/1/2025,10,10,10000,1000,1000,0,0,1/11/2025,2025-11-01,2025-11-09 09:45:38.764744,2025-11-01
CUS_0xa5a4_2025_01_01,CUS_0xa5a4,1/1/2025,10,10,10000,1000,1000,0,0,1/11/2025,2025-11-01,2025-11-09 09:45:38.764744,2025-11-01
CUS_0xa5f4_2025_01_01,CUS_0xa5f4,1/1/2025,10,10,10000,1000,1000,0,0,1/11/2025,2025-11-01,2025-11-09 09:45:38.764744,2025-11-01
CUS_0xa614_2025_01_01,CUS_0xa614,1/1/2025,10,10,10000,1000,1000,0,0,1/11/2025,2025-11-01,2025-11-09 09:45:38.764744,2025-11-01
CUS_0xa6bd_2025_01_01,CUS_0xa6bd,1/1/2025,10,10,10000,1000,1000,0,0,1/11/2025,2025-11-01,2025-11-09 09:45:38.764744,2025-11-01
CUS_0xa774_2025_01_01,CUS_0xa774,1/1/2025,10,10,10000,1000,1000,0,0,1/11/2025,2025-11-01,2025-11-09 09:45:38.764744,2025-11-01
CUS_0xa78b_2025_01_01,CUS_0xa78b,1/1/2025,10,10,10000,1000,1000,0,0,1/11/2025,2025-11-01,2025-11-09 09:45:38.764744,2025-11-01
CUS_0xa791_2025_01_01,CUS_0xa791,1/1/2025,10,10,10000,1000,1000,0,0,1/11/2025,2025-11-01,2025-11-09 09:45:38.764744,2025-11-01
CUS_0xa7cc_2025_01_01,CUS_0xa7cc,1/1/2025,10,10,10000,1000,1000,0,0,1/11/2025,2025-11-01,2025-11-09 09:45:38.764744,2025-11-01
CUS_0xa8d7_2025_01_01,CUS_0xa8d7,1/1/2025,10,10,10000,1000,0,8000,8000,1/11/2025,2025-11-01,2025-11-09 09:45:38.764744,2025-11-01
CUS_0xa8e2_2025_01_01,CUS_0xa8e2,1/1/2025,10,10,10000,1000,1000,0,0,1/11/2025,2025-11-01,2025-11-09 09:45:38.764744,2025-11-01
CUS_0xa955_2025_01_01,CUS_0xa955,1/1/2025,10,10,10000,1000,1000,0,0,1/11/2025,2025-11-01,2025-11-09 09:45:38.764744,2025-11-01
CUS_0xa9a6_2025_01_01,CUS_0xa9a6,1/1/2025,10,10,10000,1000,1000,0,0,1/11/2025,2025-11-01,2025-11-09 09:45:38.764744,2025-11-01
CUS_0xa9fc_2025_01_01,CUS_0xa9fc,1/1/2025,10,10,10000,1000,1000,0,0,1/11/2025,2025-11-01,2025-11-09 09:45:38.764744,2025-11-01
CUS_0xaa29_2025_01_01,CUS_0xaa29,1/1/2025,10,10,10000,1000,1000,0,0,1/11/2025,2025-11-01,2025-11-09 09:45:38.764744,2025-11-01
CUS_0xaa35_2025_01_01,CUS_0xaa35,1/1/2025,10,10,10000,1000,1000,0,0,1/11/2025,2025-11-01,2025-11-09 09:45:38.764744,2025-11-01
CUS_0xaa53_2025_01_01,CUS_0xaa53,1/1/2025,10,10,10000,1000,1000,0,0,1/11/2025,2025-11-01,2025-11-09 09:45:38.764744,2025-11-01
CUS_0xaad7_2025_01_01,CUS_0xaad7,1/1/2025,10,10,10000,1000,1000,0,0,1/11/2025,2025-11-01,2025-11-09 09:45:38.764744,2025-11-01
CUS_0xab18_2025_01_01,CUS_0xab18,1/1/2025,10,10,10000,1000,1000,0,0,1/11/2025,2025-11-01,2025-11-09 09:45:38.764744,2025-11-01
CUS_0xab7b_2025_01_01,CUS_0xab7b,1/1/2025,10,10,10000,1000,1000,0,0,1/11/2025,2025-11-01,2025-11-09 09:45:38.764744,2025-11-01
CUS_0xabcf_2025_01_01,CUS_0xabcf,1/1/2025,10,10,10000,1000,0,8000,8000,1/11/2025,2025-11-01,2025-11-09 09:45:38.764744,2025-11-01
CUS_0xabe7_2025_01_01,CUS_0xabe7,1/1/2025,10,10,10000,1000,1000,0,0,1/11/2025,2025-11-01,2025-11-09 09:45:38.764744,2025-11-01
CUS_0xac15_2025_01_01,CUS_0xac15,1/1/2025,10,10,10000,1000,1000,0,0,1/11/2025,2025-11-01,2025-11-09 09:45:38.764744,2025-11-01
CUS_0xac31_2025_01_01,CUS_0xac31,1/1/2025,10,10,10000,1000,1000,0,0,1/11/2025,2025-11-01,2025-11-09 09:45:38.764744,2025-11-01
CUS_0xac83_2025_01_01,CUS_0xac83,1/1/2025,10,10,10000,1000,0,7000,7000,1/11/2025,2025-11-01,2025-11-09 09:45:38.764744,2025-11-01
CUS_0xad44_2025_01_01,CUS_0xad44,1/1/2025,10,10,10000,1000,1000,0,0,1/11/2025,2025-11-01,2025-11-09 09:45:38.764744,2025-11-01
CUS_0xad53_2025_01_01,CUS_0xad53,1/1/2025,10,10,10000,1000,1000,0,0,1/11/2025,2025-11-01,2025-11-09 09:45:38.764744,2025-11-01
CUS_0xade0_2025_01_01,CUS_0xade0,1/1/2025,10,10,10000,1000,1000,0,0,1/11/2025,2025-11-01,2025-11-09 09:45:38.764744,2025-11-01
CUS_0xae8_2025_01_01,CUS_0xae8,1/1/2025,10,10,10000,1000,0,6000,6000,1/11/2025,2025-11-01,2025-11-09 09:45:38.764744,2025-11-01
CUS_0xaf8f_2025_01_01,CUS_0xaf8f,1/1/2025,10,10,10000,1000,1000,0,0,1/11/2025,2025-11-01,2025-11-09 09:45:38.764744,2025-11-01
CUS_0xafc4_2025_01_01,CUS_0xafc4,1/1/2025,10,10,10000,1000,1000,0,0,1/11/2025,2025-11-01,2025-11-09 09:45:38.764744,2025-11-01
CUS_0xafdf_2025_01_01,CUS_0xafdf,1/1/2025,10,10,10000,1000,1000,0,0,1/11/2025,2025-11-01,2025-11-09 09:45:38.764744,2025-11-01
CUS_0xb00e_2025_01_01,CUS_0xb00e,1/1/2025,10,10,10000,1000,1000,0,0,1/11/2025,2025-11-01,2025-11-09 09:45:38.764744,2025-11-01
CUS_0xb0a5_2025_01_01,CUS_0xb0a5,1/1/2025,10,10,10000,1000,1000,0,0,1/11/2025,2025-11-01,2025-11-09 09:45:38.764744,2025-11-01
CUS_0xb11e_2025_01_01,CUS_0xb11e,1/1/2025,10,10,10000,1000,1000,0,0,1/11/2025,2025-11-01,2025-11-09 09:45:38.764744,2025-11-01
CUS_0xb13c_2025_01_01,CUS_0xb13c,1/1/2025,10,10,10000,1000,1000,0,0,1/11/2025,2025-11-01,2025-11-09 09:45:38.764744,2025-11-01
CUS_0xb163_2025_01_01,CUS_0xb163,1/1/2025,10,10,10000,1000,1000,0,0,1/11/2025,2025-11-01,2025-11-09 09:45:38.764744,2025-11-01
CUS_0xb1aa_2025_01_01,CUS_0xb1aa,1/1/2025,10,10,10000,1000,1000,0,0,1/11/2025,2025-11-01,2025-11-09 09:45:38.764744,2025-11-01
CUS_0xb2c_2025_01_01,CUS_0xb2c,1/1/2025,10,10,10000,1000,0,7000,7000,1/11/2025,2025-11-01,2025-11-09 09:45:38.764744,2025-11-01
CUS_0xb387_2025_01_01,CUS_0xb387,1/1/2025,10,10,10000,1000,1000,0,0,1/11/2025,2025-11-01,2025-11-09 09:45:38.764744,2025-11-01
CUS_0xb3b4_2025_01_01,CUS_0xb3b4,1/1/2025,10,10,10000,1000,1000,0,0,1/11/2025,2025-11-01,2025-11-09 09:45:38.764744,2025-11-01
CUS_0xb3d7_2025_01_01,CUS_0xb3d7,1/1/2025,10,10,10000,1000,1000,0,0,1/11/2025,2025-11-01,2025-11-09 09:45:38.764744,2025-11-01
CUS_0xb413_2025_01_01,CUS_0xb413,1/1/2025,10,10,10000,1000,1000,0,0,1/11/2025,2025-11-01,2025-11-09 09:45:38.764744,2025-11-01
CUS_0xb458_2025_01_01,CUS_0xb458,1/1/2025,10,10,10000,1000,1000,0,0,1/11/2025,2025-11-01,2025-11-09 09:45:38.764744,2025-11-01
CUS_0xb486_2025_01_01,CUS_0xb486,1/1/2025,10,10,10000,1000,1000,0,0,1/11/2025,2025-11-01,2025-11-09 09:45:38.764744,2025-11-01
CUS_0xb4c3_2025_01_01,CUS_0xb4c3,1/1/2025,10,10,10000,1000,0,7000,7000,1/11/2025,2025-11-01,2025-11-09 09:45:38.764744,2025-11-01
CUS_0xb54e_2025_01_01,CUS_0xb54e,1/1/2025,10,10,10000,1000,1000,0,0,1/11/2025,2025-11-01,2025-11-09 09:45:38.764744,2025-11-01
CUS_0xb602_2025_01_01,CUS_0xb602,1/1/2025,10,10,10000,1000,1000,0,0,1/11/2025,2025-11-01,2025-11-09 09:45:38.764744,2025-11-01
CUS_0xb61c_2025_01_01,CUS_0xb61c,1/1/2025,10,10,10000,1000,1000,0,0,1/11/2025,2025-11-01,2025-11-09 09:45:38.764744,2025-11-01
CUS_0xb647_2025_01_01,CUS_0xb647,1/1/2025,10,10,10000,1000,1000,0,0,1/11/2025,2025-11-01,2025-11-09 09:45:38.764744,2025-11-01
CUS_0xb660_2025_01_01,CUS_0xb660,1/1/2025,10,10,10000,1000,1000,0,0,1/11/2025,2025-11-01,2025-11-09 09:45:38.764744,2025-11-01
CUS_0xb68_2025_01_01,CUS_0xb68,1/1/2025,10,10,10000,1000,1000,0,0,1/11/2025,2025-11-01,2025-11-09 09:45:38.764744,2025-11-01
CUS_0xb6bb_2025_01_01,CUS_0xb6bb,1/1/2025,10,10,10000,1000,0,8000,8000,1/11/2025,2025-11-01,2025-11-09 09:45:38.764744,2025-11-01
CUS_0xb820_2025_01_01,CUS_0xb820,1/1/2025,10,10,10000,1000,1000,0,0,1/11/2025,2025-11-01,2025-11-09 09:45:38.764744,2025-11-01
CUS_0xb88c_2025_01_01,CUS_0xb88c,1/1/2025,10,10,10000,1000,1000,0,0,1/11/2025,2025-11-01,2025-11-09 09:45:38.764744,2025-11-01
CUS_0xb96b_2025_01_01,CUS_0xb96b,1/1/2025,10,10,10000,1000,0,10000,10000,1/11/2025,2025-11-01,2025-11-09 09:45:38.764744,2025-11-01
CUS_0xb99e_2025_01_01,CUS_0xb99e,1/1/2025,10,10,10000,1000,0,7000,7000,1/11/2025,2025-11-01,2025-11-09 09:45:38.764744,2025-11-01
CUS_0xbac7_2025_01_01,CUS_0xbac7,1/1/2025,10,10,10000,1000,1000,0,0,1/11/2025,2025-11-01,2025-11-09 09:45:38.764744,2025-11-01
CUS_0xbb07_2025_01_01,CUS_0xbb07,1/1/2025,10,10,10000,1000,0,9000,9000,1/11/2025,2025-11-01,2025-11-09 09:45:38.764744,2025-11-01
CUS_0xbb5a_2025_01_01,CUS_0xbb5a,1/1/2025,10,10,10000,1000,0,8000,8000,1/11/2025,2025-11-01,2025-11-09 09:45:38.764744,2025-11-01
CUS_0xbb77_2025_01_01,CUS_0xbb77,1/1/2025,10,10,10000,1000,1000,0,0,1/11/2025,2025-11-01,2025-11-09 09:45:38.764744,2025-11-01
CUS_0xbbd5_2025_01_01,CUS_0xbbd5,1/1/2025,10,10,10000,1000,0,6000,6000,1/11/2025,2025-11-01,2025-11-09 09:45:38.764744,2025-11-01
CUS_0xbc40_2025_01_01,CUS_0xbc40,1/1/2025,10,10,10000,1000,0,8000,8000,1/11/2025,2025-11-01,2025-11-09 09:45:38.764744,2025-11-01
CUS_0xbcc8_2025_01_01,CUS_0xbcc8,1/1/2025,10,10,10000,1000,1000,0,0,1/11/2025,2025-11-01,2025-11-09 09:45:38.764744,2025-11-01
CUS_0xbd64_2025_01_01,CUS_0xbd64,1/1/2025,10,10,10000,1000,1000,0,0,1/11/2025,2025-11-01,2025-11-09 09:45:38.764744,2025-11-01
CUS_0xbd95_2025_01_01,CUS_0xbd95,1/1/2025,10,10,10000,1000,1000,0,0,1/11/2025,2025-11-01,2025-11-09 09:45:38.764744,2025-11-01
CUS_0xbe1b_2025_01_01,CUS_0xbe1b,1/1/2025,10,10,10000,1000,0,9000,9000,1/11/2025,2025-11-01,2025-11-09 09:45:38.764744,2025-11-01
CUS_0xbe59_2025_01_01,CUS_0xbe59,1/1/2025,10,10,10000,1000,1000,0,0,1/11/2025,2025-11-01,2025-11-09 09:45:38.764744,2025-11-01
CUS_0xbe72_2025_01_01,CUS_0xbe72,1/1/2025,10,10,10000,1000,0,7000,7000,1/11/2025,2025-11-01,2025-11-09 09:45:38.764744,2025-11-01
CUS_0xbe83_2025_01_01,CUS_0xbe83,1/1/2025,10,10,10000,1000,0,9000,9000,1/11/2025,2025-11-01,2025-11-09 09:45:38.764744,2025-11-01
CUS_0xbea3_2025_01_01,CUS_0xbea3,1/1/2025,10,10,10000,1000,1000,0,0,1/11/2025,2025-11-01,2025-11-09 09:45:38.764744,2025-11-01
CUS_0xbf8b_2025_01_01,CUS_0xbf8b,1/1/2025,10,10,10000,1000,0,6000,6000,1/11/2025,2025-11-01,2025-11-09 09:45:38.764744,2025-11-01
CUS_0xbfba_2025_01_01,CUS_0xbfba,1/1/2025,10,10,10000,1000,0,9000,9000,1/11/2025,2025-11-01,2025-11-09 09:45:38.764744,2025-11-01
CUS_0xbfbf_2025_01_01,CUS_0xbfbf,1/1/2025,10,10,10000,1000,1000,0,0,1/11/2025,2025-11-01,2025-11-09 09:45:38.764744,2025-11-01
CUS_0xbfc1_2025_01_01,CUS_0xbfc1,1/1/2025,10,10,10000,1000,1000,0,0,1/11/2025,2025-11-01,2025-11-09 09:45:38.764744,2025-11-01
CUS_0xbfef_2025_01_01,CUS_0xbfef,1/1/2025,10,10,10000,1000,0,8000,8000,1/11/2025,2025-11-01,2025-11-09 09:45:38.764744,2025-11-01
CUS_0xbff8_2025_01_01,CUS_0xbff8,1/1/2025,10,10,10000,1000,1000,0,0,1/11/2025,2025-11-01,2025-11-09 09:45:38.764744,2025-11-01
CUS_0xc067_2025_01_01,CUS_0xc067,1/1/2025,10,10,10000,1000,0,6000,6000,1/11/2025,2025-11-01,2025-11-09 09:45:38.764744,2025-11-01
CUS_0xc07f_2025_01_01,CUS_0xc07f,1/1/2025,10,10,10000,1000,1000,0,0,1/11/2025,2025-11-01,2025-11-09 09:45:38.764744,2025-11-01
CUS_0xc081_2025_01_01,CUS_0xc081,1/1/2025,10,10,10000,1000,1000,0,0,1/11/2025,2025-11-01,2025-11-09 09:45:38.764744,2025-11-01
CUS_0xc12b_2025_01_01,CUS_0xc12b,1/1/2025,10,10,10000,1000,0,7000,7000,1/11/2025,2025-11-01,2025-11-09 09:45:38.764744,2025-11-01
CUS_0xc22c_2025_01_01,CUS_0xc22c,1/1/2025,10,10,10000,1000,1000,0,0,1/11/2025,2025-11-01,2025-11-09 09:45:38.764744,2025-11-01
CUS_0xc23c_2025_01_01,CUS_0xc23c,1/1/2025,10,10,10000,1000,0,8000,8000,1/11/2025,2025-11-01,2025-11-09 09:45:38.764744,2025-11-01
CUS_0xc299_2025_01_01,CUS_0xc299,1/1/2025,10,10,10000,1000,0,9000,9000,1/11/2025,2025-11-01,2025-11-09 09:45:38.764744,2025-11-01
CUS_0xc2a7_2025_01_01,CUS_0xc2a7,1/1/2025,10,10,10000,1000,0,8000,8000,1/11/2025,2025-11-01,2025-11-09 09:45:38.764744,2025-11-01
CUS_0xc2ae_2025_01_01,CUS_0xc2ae,1/1/2025,10,10,10000,1000,1000,0,0,1/11/2025,2025-11-01,2025-11-09 09:45:38.764744,2025-11-01
CUS_0xc34a_2025_01_01,CUS_0xc34a,1/1/2025,10,10,10000,1000,1000,0,0,1/11/2025,2025-11-01,2025-11-09 09:45:38.764744,2025-11-01
CUS_0xc3b8_2025_01_01,CUS_0xc3b8,1/1/2025,10,10,10000,1000,0,7000,7000,1/11/2025,2025-11-01,2025-11-09 09:45:38.764744,2025-11-01
CUS_0xc3c1_2025_01_01,CUS_0xc3c1,1/1/2025,10,10,10000,1000,1000,0,0,1/11/2025,2025-11-01,2025-11-09 09:45:38.764744,2025-11-01
CUS_0xc405_2025_01_01,CUS_0xc405,1/1/2025,10,10,10000,1000,1000,0,0,1/11/2025,2025-11-01,2025-11-09 09:45:38.764744,2025-11-01
CUS_0xc48d_2025_01_01,CUS_0xc48d,1/1/2025,10,10,10000,1000,1000,0,0,1/11/2025,2025-11-01,2025-11-09 09:45:38.764744,2025-11-01
CUS_0xc4f2_2025_01_01,CUS_0xc4f2,1/1/2025,10,10,10000,1000,0,7000,7000,1/11/2025,2025-11-01,2025-11-09 09:45:38.764744,2025-11-01
CUS_0xc5fd_2025_01_01,CUS_0xc5fd,1/1/2025,10,10,10000,1000,1000,0,0,1/11/2025,2025-11-01,2025-11-09 09:45:38.764744,2025-11-01
CUS_0xc6ba_2025_01_01,CUS_0xc6ba,1/1/2025,10,10,10000,1000,0,7000,7000,1/11/2025,2025-11-01,2025-11-09 09:45:38.764744,2025-11-01
CUS_0xcb9_2025_01_01,CUS_0xcb9,1/1/2025,10,10,10000,1000,1000,0,0,1/11/2025,2025-11-01,2025-11-09 09:45:38.764744,2025-11-01
CUS_0xcfd_2025_01_01,CUS_0xcfd,1/1/2025,10,10,10000,1000,0,7000,7000,1/11/2025,2025-11-01,2025-11-09 09:45:38.764744,2025-11-01
CUS_0xdb9_2025_01_01,CUS_0xdb9,1/1/2025,10,10,10000,1000,0,7000,7000,1/11/2025,2025-11-01,2025-11-09 09:45:38.764744,2025-11-01
CUS_0xdef_2025_01_01,CUS_0xdef,1/1/2025,10,10,10000,1000,1000,0,0,1/11/2025,2025-11-01,2025-11-09 09:45:38.764744,2025-11-01
CUS_0xe91_2025_01_01,CUS_0xe91,1/1/2025,10,10,10000,1000,1000,0,0,1/11/2025,2025-11-01,2025-11-09 09:45:38.764744,2025-11-01
CUS_0xecb_2025_01_01,CUS_0xecb,1/1/2025,10,10,10000,1000,1000,0,0,1/11/2025,2025-11-01,2025-11-09 09:45:38.764744,2025-11-01
CUS_0xef7_2025_01_01,CUS_0xef7,1/1/2025,10,10,10000,1000,1000,0,0,1/11/2025,2025-11-01,2025-11-09 09:45:38.764744,2025-11-01
CUS_0xf15_2025_01_01,CUS_0xf15,1/1/2025,10,10,10000,1000,1000,0,0,1/11/2025,2025-11-01,2025-11-09 09:45:38.764744,2025-11-01
CUS_0xf60_2025_01_01,CUS_0xf60,1/1/2025,10,10,10000,1000,1000,0,0,1/11/2025,2025-11-01,2025-11-09 09:45:38.764744,2025-11-01
CUS_0xf74_2025_01_01,CUS_0xf74,1/1/2025,10,10,10000,1000,1000,0,0,1/11/2025,2025-11-01,2025-11-09 09:45:38.764744,2025-11-01
CUS_0xf95_2025_01_01,CUS_0xf95,1/1/2025,10,10,10000,1000,1000,0,0,1/11/2025,2025-11-01,2025-11-09 09:45:38.764744,2025-11-01
CUS_0xfdf_2025_01_01,CUS_0xfdf,1/1/2025,10,10,10000,1000,1000,0,0,1/11/2025,2025-11-01,2025-11-09 09:45:38.764744,2025-11-01
